22016685	26	35	Asp506Gly	ProteinMutation	p|SUB|D|506|G
22016685	1109	1118	c.1517A>G	DNAMutation	c|SUB|A|1517|G
22016685	1206	1217	p.Asp506Gly	ProteinMutation	p|SUB|D|506|G
22016685	1254	1263	Asp506Gly	ProteinMutation	p|SUB|D|506|G
21850008	727	733	A3243G	DNAMutation	m|SUB|A|3243|G
21850008	856	863	G13513A	DNAMutation	m|SUB|G|13513|A
21850008	909	916	T10191C	DNAMutation	m|SUB|T|10191|C
21850008	918	924	p.S45P	ProteinMutation	p|SUB|S|45|P
21850008	934	941	A11470C	DNAMutation	m|SUB|A|11470|C
21850008	943	951	p. K237N	ProteinMutation	p|SUB|K|237|N
21850008	961	968	T13046C	DNAMutation	m|SUB|T|13046|C
21850008	970	977	p.M237T	ProteinMutation	p|SUB|M|237|T
21850008	1124	1131	A11470C	DNAMutation	m|SUB|A|11470|C
21850008	1133	1140	T13046C	DNAMutation	m|SUB|T|13046|C
22104738	466	474	c.920T>G	DNAMutation	c|SUB|T|920|G
22104738	476	487	p.Leu307Arg	ProteinMutation	p|SUB|L|307|R
22104738	619	627	c.920T>G	DNAMutation	c|SUB|T|920|G
21499297	1547	1550	C>T	DNAMutation	|SUB|C||T
21499297	1552	1561	rs2297882	SNP	rs2297882
21695597	891	900	rs9271366	SNP	rs9271366
21695597	1025	1033	rs204890	SNP	rs204890
21695597	1065	1074	rs2071349	SNP	rs2071349
21695597	1110	1119	rs2844580	SNP	rs2844580
21695597	1196	1205	rs9271366	SNP	rs9271366
21695597	1576	1585	rs9271366	SNP	rs9271366
22048266	804	812	rs461155	SNP	rs461155
22048266	900	909	rs2073601	SNP	rs2073601
22048266	910	919	rs2073416	SNP	rs2073416
22048266	1215	1224	rs2073601	SNP	rs2073601
22028770	49	57	-491 A/T	DNAMutation	c|SUB|A|-491|T
22028770	745	752	-491A/T	DNAMutation	c|SUB|A|-491|T
22028770	754	762	rs449647	SNP	rs449647
22028770	857	868	-491 A to T	DNAMutation	c|SUB|A|-491|T
22028770	1553	1560	-491A/T	DNAMutation	c|SUB|A|-491|T
22028770	1748	1755	-491A/T	DNAMutation	c|SUB|A|-491|T
22028770	1757	1764	-219G/T	DNAMutation	c|SUB|G|-219|T
22028770	1766	1774	rs405509	SNP	rs405509
22028770	1781	1788	+113G/C	DNAMutation	c|SUB|G|+113|C
22028770	1790	1798	rs440446	SNP	rs440446
22028770	2011	2018	-491A/T	DNAMutation	c|SUB|A|-491|T
21904390	1245	1255	c.357-3C>G	DNAMutation	c|SUB|C|357-3|G
21904390	1257	1268	p.Ser119fsX	ProteinMutation	p|FS|S|119||
21904390	1345	1353	c.643T>C	DNAMutation	c|SUB|T|643|C
21904390	1355	1362	p.S216P	ProteinMutation	p|SUB|S|216|P
21904390	1434	1441	p.S216P	ProteinMutation	p|SUB|S|216|P
21496008	524	537	c.304ins(GCG)	DNAMutation	c|INS|304|GCG
21496008	563	575	c.429_452dup	DNAMutation	c|DUP|429_452||
21496008	577	584	dup24bp	DNAMutation	|DUP||24|
21496008	971	978	dup24bp	DNAMutation	|DUP||24|
21496008	1016	1023	dup24bp	DNAMutation	|DUP||24|
21496008	1045	1052	dup27bp	DNAMutation	|DUP||27|
21496008	1054	1061	dup33bp	DNAMutation	|DUP||33|
21496008	1147	1156	c.1074G>T	DNAMutation	c|SUB|G|1074|T
21976953	1018	1027	c.3703T>C	DNAMutation	c|SUB|T|3703|C
21976953	1154	1162	p.S1235P	ProteinMutation	p|SUB|S|1235|P
21976953	1540	1548	p.S1235P	ProteinMutation	p|SUB|S|1235|P
21799811	22	29	677 C>T	DNAMutation	|SUB|C|677|T
21799811	360	366	677C>T	DNAMutation	|SUB|C|677|T
21799811	938	944	677C>T	DNAMutation	|SUB|C|677|T
21799811	1639	1645	677C>T	DNAMutation	|SUB|C|677|T
21799811	1708	1714	677C>T	DNAMutation	|SUB|C|677|T
21879313	9	18	rs8099917	SNP	rs8099917
21879313	1047	1056	rs8099917	SNP	rs8099917
21879313	1425	1434	rs8099917	SNP	rs8099917
21879313	1905	1914	rs8099917	SNP	rs8099917
20854438	1233	1237	G86R	ProteinMutation	p|SUB|G|86|R
20854438	1496	1500	G86R	ProteinMutation	p|SUB|G|86|R
20854438	1689	1693	G86R	ProteinMutation	p|SUB|G|86|R
20887110	471	505	C-->T transition at nucleotide 677	DNAMutation	|SUB|C|677|T
20887110	780	789	677 C-->T	DNAMutation	|SUB|C|677|T
20887110	1165	1170	C677T	DNAMutation	|SUB|C|677|T
20887110	1443	1452	677 C-->T	DNAMutation	|SUB|C|677|T
20602574	1238	1244	T-189C	DNAMutation	c|SUB|T|-189|C
20602574	1321	1327	G-218C	DNAMutation	c|SUB|G|-218|C
20602574	1332	1338	T-189C	DNAMutation	c|SUB|T|-189|C
21080147	1203	1211	c.973G>A	DNAMutation	c|SUB|G|973|A
21080147	1307	1312	E325K	ProteinMutation	p|SUB|E|325|K
20708777	791	800	rs1799998	SNP	rs1799998
20708777	802	809	C-344 T	DNAMutation	c|SUB|C|-344|T
20708777	833	839	rs4539	SNP	rs4539
20708777	841	847	A2718G	DNAMutation	c|SUB|A|2718|G
20708777	868	874	rs6410	SNP	rs6410
20708777	876	882	G22 5A	DNAMutation	c|SUB|G|225|A
20708777	885	891	rs6387	SNP	rs6387
20708777	893	899	A2803G	DNAMutation	c|SUB|A|2803|G
20708777	1232	1238	rs4539	SNP	rs4539
20708777	1763	1769	rs4539	SNP	rs4539
20806042	647	657	c.592C-->T	DNAMutation	c|SUB|C|592|T
20806042	858	865	p.R198W	ProteinMutation	p|SUB|R|198|W
20806042	1071	1078	p.R198W	ProteinMutation	p|SUB|R|198|W
20949073	575	580	E831X	ProteinMutation	p|SUB|E|831|X
20949073	591	598	2623G>T	DNAMutation	|SUB|G|2623|T
20534762	1066	1073	313delT	DNAMutation	c|DEL|313|T
20534762	1075	1086	C105Vfs114X	ProteinMutation	p|FS|C|105|V|114
20534762	1209	1213	C88Y	ProteinMutation	p|SUB|C|88|Y
20534762	1383	1387	C88Y	ProteinMutation	p|SUB|C|88|Y
20534762	1519	1523	C88Y	ProteinMutation	p|SUB|C|88|Y
20529581	1150	1160	c.899A > T	DNAMutation	c|SUB|A|899|T
20529581	1421	1432	Asp 300 Val	ProteinMutation	p|SUB|D|300|V
20523265	906	915	rs3753394	SNP	rs3753394
20523265	930	938	rs800292	SNP	rs800292
20523265	953	962	rs1061170	SNP	rs1061170
20523265	982	991	rs1329428	SNP	rs1329428
20523265	1298	1307	rs2274700	SNP	rs2274700
20523265	1312	1321	rs1410996	SNP	rs1410996
20523265	1780	1789	rs3753394	SNP	rs3753394
20523265	1804	1812	rs800292	SNP	rs800292
20523265	1827	1836	rs1061170	SNP	rs1061170
20523265	1856	1865	rs1329428	SNP	rs1329428
20523265	1888	1897	rs7535263	SNP	rs7535263
20523265	1899	1908	rs1410996	SNP	rs1410996
20523265	1913	1922	rs2274700	SNP	rs2274700
20005218	302	308	G-395A	DNAMutation	c|SUB|G|-395|A
20005218	471	477	G-395A	DNAMutation	c|SUB|G|-395|A
20005218	634	637	G/A	DNAMutation	|SUB|G||A
20005218	658	664	G-395A	DNAMutation	c|SUB|G|-395|A
20005218	814	820	G-395A	DNAMutation	c|SUB|G|-395|A
20005218	1009	1015	G-395A	DNAMutation	c|SUB|G|-395|A
20005218	1042	1048	G-395A	DNAMutation	c|SUB|G|-395|A
20005218	1481	1487	G-395A	DNAMutation	c|SUB|G|-395|A
20005218	1603	1609	G-395A	DNAMutation	c|SUB|G|-395|A
19897031	775	785	rs12203592	SNP	rs12203592
19897031	896	899	C>T	DNAMutation	|SUB|C||T
19897031	1039	1049	rs12203592	SNP	rs12203592
19897031	1196	1206	rs12203592	SNP	rs12203592
19766614	980	993	c.370-371insA	DNAMutation	c|INS|370_371|A
19766614	1090	1102	p.S124fsX127	ProteinMutation	p|FS|S|124||127
19766614	1339	1352	c.370-371insA	DNAMutation	c|INS|370_371|A
19681861	431	440	rs1799750	SNP	rs1799750
19559455	982	989	Delta32	DNAMutation	|DEL||32
19444361	7	14	2209G>A	DNAMutation	r|SUB|g|2209|a
19444361	842	849	2209G>A	DNAMutation	r|SUB|g|2209|a
19444361	851	860	rs1800255	SNP	rs1800255
19444361	1048	1055	2209G>A	DNAMutation	r|SUB|g|2209|a
19429807	582	591	c.3943G>A	DNAMutation	c|SUB|G|3943|A
19429807	593	601	p.G1315R	ProteinMutation	p|SUB|G|1315|R
19429807	686	701	c.1544-?_2916+?	DNAMutation	c|DEL|1544-?_2916+?|
19394258	420	431	c.444-62C>A	DNAMutation	c|SUB|C|444-62|A
19365571	1117	1125	c.892C>T	DNAMutation	c|SUB|C|892|T
19365571	1130	1139	c.1072T>C	DNAMutation	c|SUB|T|1072|C
19365571	1290	1297	p.Q298X	ProteinMutation	p|SUB|Q|298|X
19365571	1360	1367	p.Y358H	ProteinMutation	p|SUB|Y|358|H
19298002	956	963	16C-->A	DNAMutation	|SUB|C|16|A
19298002	969	994	reference SNP no. 4359426	SNP	rs4359426
19129715	886	900	1308_1316 dup9	DNAMutation	|DUP|1308_1316|9|
19129715	1073	1077	C60S	ProteinMutation	p|SUB|C|60|S
19129715	1078	1083	L244F	ProteinMutation	p|SUB|L|244|F
19110214	922	935	c.6799G --> A	DNAMutation	c|SUB|G|6799|A
19110214	953	961	p.D2267N	ProteinMutation	p|SUB|D|2267|N
19082493	412	415	G/C	DNAMutation	|SUB|G||C
19082493	886	898	ins/del 6 bp	DNAMutation	|INDEL||6
19082493	1040	1052	ins/del 6 bp	DNAMutation	|INDEL||6
19082493	1119	1131	ins/del 6 bp	DNAMutation	|INDEL||6
19012332	415	424	Arg282Trp	ProteinMutation	p|SUB|R|282|W
18827003	558	597	(G --> C) substitution at position 1201	DNAMutation	c|SUB|G|1201|C
18827003	845	850	D401H	ProteinMutation	p|SUB|D|401|H
18827003	935	940	D401H	ProteinMutation	p|SUB|D|401|H
18827003	1299	1304	D401H	ProteinMutation	p|SUB|D|401|H
18827003	1601	1606	D401H	ProteinMutation	p|SUB|D|401|H
18827003	1701	1706	D401H	ProteinMutation	p|SUB|D|401|H
18813858	624	631	520delG	DNAMutation	|DEL|520|G
18813858	731	737	T1135A	DNAMutation	|SUB|T|1135|A
18806880	1378	1385	1493A>T	DNAMutation	c|SUB|A|1493|T
18806880	1510	1515	E498V	ProteinMutation	p|SUB|E|498|V
18806880	1829	1834	E498V	ProteinMutation	p|SUB|E|498|V
18779591	806	820	Ile(146)-->Leu	ProteinMutation	p|SUB|I|146|L
18779591	963	968	I146L	ProteinMutation	p|SUB|I|146|L
18779591	1354	1359	I146L	ProteinMutation	p|SUB|I|146|L
18385169	5	12	-308G>A	DNAMutation	c|SUB|G|-308|A
18385169	217	224	-308G>A	DNAMutation	c|SUB|G|-308|A
18385169	1138	1145	-308G>A	DNAMutation	c|SUB|G|-308|A
18385169	1302	1308	252A>G	DNAMutation	c|SUB|A|252|G
18272172	261	270	2398+1G>C	DNAMutation	c|SUB|G|2398+1|C
18272172	397	406	2398+1G>C	DNAMutation	c|SUB|G|2398+1|C
18272172	618	627	2398+1G>C	DNAMutation	c|SUB|G|2398+1|C
18272172	1347	1356	2398+1G>C	DNAMutation	c|SUB|G|2398+1|C
18270997	79	88	Val158Met	ProteinMutation	p|SUB|V|158|M
18270997	341	346	G472A	DNAMutation	c|SUB|G|472|A
18270997	360	369	Val158Met	ProteinMutation	p|SUB|V|158|M
18270997	679	684	G472A	DNAMutation	c|SUB|G|472|A
18270997	899	904	G472A	DNAMutation	c|SUB|G|472|A
18270997	973	978	G472A	DNAMutation	c|SUB|G|472|A
18266724	387	392	C314T	DNAMutation	c|SUB|C|314|T
18266724	429	438	Thr105Ile	ProteinMutation	p|SUB|T|105|I
18164595	1043	1055	1782-83delAG	DNAMutation	|DEL|1782_1783|AG
18164595	1173	1181	3097delG	DNAMutation	|DEL|3097|G
18164595	1319	1324	N970S	ProteinMutation	p|SUB|N|970|S
18046082	46	66	arginine 150 proline	ProteinMutation	p|SUB|R|150|P
18046082	1420	1440	arginine 150 proline	ProteinMutation	p|SUB|R|150|P
17951029	64	71	p.E300X	ProteinMutation	p|SUB|E|300|X
17951029	1058	1094	G>T substitution at nucleotide c.898	DNAMutation	c|SUB|G|898|T
17951029	1232	1239	p.E300X	ProteinMutation	p|SUB|E|300|X
17868390	24	34	IVS8+4 A>G	DNAMutation	c|SUB|A|IVS8+4|G
17868390	659	669	IVS8+4 A>G	DNAMutation	c|SUB|A|IVS8+4|G
17868390	998	1008	IVS8+4 A>G	DNAMutation	c|SUB|A|IVS8+4|G
17635946	793	832	(T --> C) substitution at position 2209	DNAMutation	c|SUB|T|2209|C
17635946	1082	1087	F737L	ProteinMutation	p|SUB|F|737|L
17635946	1697	1702	F737L	ProteinMutation	p|SUB|F|737|L
17634480	797	805	rs713041	SNP	rs713041
17634480	810	818	rs757229	SNP	rs757229
17634480	1010	1018	rs713041	SNP	rs713041
17615540	743	748	C260T	DNAMutation	c|SUB|C|260|T
17615540	934	939	C260T	DNAMutation	c|SUB|C|260|T
17615540	1093	1097	T87M	ProteinMutation	p|SUB|T|87|M
17595233	2271	2276	D299G	ProteinMutation	p|SUB|D|299|G
17595233	2286	2291	P631H	ProteinMutation	p|SUB|P|631|H
17495183	824	833	rs5966709	SNP	rs5966709
17495183	835	844	rs4828037	SNP	rs4828037
17495183	855	865	rs11798018	SNP	rs11798018
17495183	876	885	rs2073163	SNP	rs2073163
17495183	890	899	rs1155794	SNP	rs1155794
17495183	1039	1048	rs2073162	SNP	rs2073162
17495183	1282	1291	rs2073162	SNP	rs2073162
17495183	1317	1326	rs2073163	SNP	rs2073163
17495183	1356	1365	rs1155974	SNP	rs1155974
17372760	1086	1096	IVS10-1G>A	DNAMutation	c|SUB|G|IVS10-1|A
17372760	1140	1145	L638P	ProteinMutation	p|SUB|L|638|P
17221831	4	8	G51S	ProteinMutation	p|SUB|G|51|S
17221831	703	706	G/A	DNAMutation	|SUB|G||A
17221831	866	870	G51S	ProteinMutation	p|SUB|G|51|S
17221831	1428	1432	G51S	ProteinMutation	p|SUB|G|51|S
17177139	18	23	E333D	ProteinMutation	p|SUB|E|333|D
17177139	497	502	E333D	ProteinMutation	p|SUB|E|333|D
17177139	1107	1114	1284A>C	DNAMutation	|SUB|A|1284|C
17177139	1198	1203	E333D	ProteinMutation	p|SUB|E|333|D
17177139	1295	1300	E333D	ProteinMutation	p|SUB|E|333|D
17177139	1509	1514	E333D	ProteinMutation	p|SUB|E|333|D
17177139	1931	1936	E333D	ProteinMutation	p|SUB|E|333|D
17065190	924	933	rs2857657	SNP	rs2857657
17065190	935	938	C/G	DNAMutation	|SUB|C||G
17065190	949	955	rs4586	SNP	rs4586
17065190	957	960	A/G	DNAMutation	|SUB|A||G
17065190	995	1002	rs13900	SNP	rs13900
17065190	1004	1007	C/T	DNAMutation	|SUB|C||T
17065190	1067	1076	rs3917887	SNP	rs3917887
17065190	1078	1094	AGCTCCTCCTTCTC/-	DNAMutation	|DEL||AGCTCCTCCTTCTC
17003923	1104	1111	1691G>A	DNAMutation	c|SUB|G|1691|A
17003923	1140	1147	4070A>G	DNAMutation	c|SUB|A|4070|G
17003923	1185	1194	Arg353Gln	ProteinMutation	p|SUB|R|353|Q
17003923	1208	1216	Val34Leu	ProteinMutation	p|SUB|V|34|L
17003923	1234	1241	-455G>A	DNAMutation	c|SUB|G|-455|A
17003923	1255	1263	20210G>A	DNAMutation	c|SUB|G|20210|A
17003923	1322	1328	536C>T	DNAMutation	c|SUB|C|536|T
17003923	1345	1351	127G>A	DNAMutation	c|SUB|G|127|A
17003923	1467	1474	1601G>A	DNAMutation	c|SUB|G|1601|A
17003923	1746	1752	807C>T	DNAMutation	c|SUB|C|807|T
17003923	1790	1796	677C>T	DNAMutation	c|SUB|C|677|T
17003923	1849	1855	807C>T	DNAMutation	c|SUB|C|807|T
17002658	62	66	R-4Q	ProteinMutation	p|SUB|R|-4|Q
17002658	838	850	g.1755 G > A	DNAMutation	g|SUB|G|1755|A
17002658	997	1001	R-4Q	ProteinMutation	p|SUB|R|-4|Q
17002658	1222	1238	g.10435_10809del	DNAMutation	g|DEL|10435_10809|
17002658	1332	1336	R-4Q	ProteinMutation	p|SUB|R|-4|Q
17002658	1440	1444	R-4Q	ProteinMutation	p|SUB|R|-4|Q
16989765	8	17	His158Arg	ProteinMutation	p|SUB|H|158|R
16989765	981	990	His158Arg	ProteinMutation	p|SUB|H|158|R
16989765	1584	1593	His158Arg	ProteinMutation	p|SUB|H|158|R
16953235	482	489	c.32C>T	DNAMutation	c|SUB|C|32|T
16953235	530	536	p.I11T	ProteinMutation	p|SUB|I|11|T
16953235	1036	1042	p.I11T	ProteinMutation	p|SUB|I|11|T
16953235	1131	1137	p.I11T	ProteinMutation	p|SUB|I|11|T
16911351	872	882	c.646G > C	DNAMutation	c|SUB|G|646|C
16911351	884	893	Asp216His	ProteinMutation	p|SUB|D|216|H
16911351	1027	1040	904-906delGAG	DNAMutation	c|DEL|904_906|GAG
16840830	1035	1044	AAG-->GAG	DNAMutation	|SUB|AAG||GAG
16840830	1225	1234	GAC-->TAT	DNAMutation	|SUB|GAC||TAT
16838170	828	837	rs4810424	SNP	rs4810424
16838170	839	848	rs1884614	SNP	rs1884614
16838170	854	863	rs2144908	SNP	rs2144908
16838170	944	953	rs4810424	SNP	rs4810424
16838170	1037	1046	rs4810424	SNP	rs4810424
16838170	1390	1399	rs4810424	SNP	rs4810424
16838170	1401	1410	rs2071197	SNP	rs2071197
16838170	1416	1425	rs3818247	SNP	rs3818247
16781314	87	94	888delC	DNAMutation	|DEL|888|C
16723031	1198	1206	1494del6	DNAMutation	g|DEL|1494|6
16575011	27	35	1494del6	DNAMutation	|DEL|1494|6
16575011	581	586	G > C	DNAMutation	|SUB|G||C
16575011	632	640	1494del6	DNAMutation	|DEL|1494|6
16575011	1214	1219	G > C	DNAMutation	|SUB|G||C
16575011	1280	1288	1494del6	DNAMutation	|DEL|1494|6
16575011	1895	1903	1494del6	DNAMutation	|DEL|1494|6
16506214	1163	1172	+3100 T/G	DNAMutation	c|SUB|T|+3100|G
16506214	1177	1186	+8365 C/T	DNAMutation	c|SUB|C|+8365|T
16506214	1354	1363	+3100 T/G	DNAMutation	c|SUB|T|+3100|G
16506214	1368	1377	+8365 C/T	DNAMutation	c|SUB|C|+8365|T
16419642	27	32	F826Y	ProteinMutation	p|SUB|F|826|Y
16419642	187	192	S810L	ProteinMutation	p|SUB|S|810|L
16419642	611	616	S810L	ProteinMutation	p|SUB|S|810|L
16419642	671	676	S810L	ProteinMutation	p|SUB|S|810|L
16419642	734	739	S810L	ProteinMutation	p|SUB|S|810|L
16419642	872	877	F826Y	ProteinMutation	p|SUB|F|826|Y
16419642	1010	1015	L809L	ProteinMutation	p|SUB|L|809|L
16419642	1022	1027	F826Y	ProteinMutation	p|SUB|F|826|Y
16419642	1123	1128	F826Y	ProteinMutation	p|SUB|F|826|Y
16419642	1315	1320	F826Y	ProteinMutation	p|SUB|F|826|Y
16419642	1628	1633	F826Y	ProteinMutation	p|SUB|F|826|Y
16410744	1499	1516	codon 787 CAG/CAA	DNAMutation	|SUB|CAG|CODON787|CAA
16288197	1433	1440	144 G>A	DNAMutation	c|SUB|G|144|A
16288197	1457	1461	Q48H	ProteinMutation	p|SUB|Q|48|H
16288197	2294	2298	Q48H	ProteinMutation	p|SUB|Q|48|H
16288197	2611	2615	Q48H	ProteinMutation	p|SUB|Q|48|H
16277682	17	22	M404V	ProteinMutation	p|SUB|M|404|V
16277682	298	343	methionine-->valine substitution at codon 404	ProteinMutation	p|SUB|M|404|V
16277682	345	350	M404V	ProteinMutation	p|SUB|M|404|V
16277682	646	651	M404V	ProteinMutation	p|SUB|M|404|V
16277682	991	996	M404V	ProteinMutation	p|SUB|M|404|V
16277682	1317	1322	M404V	ProteinMutation	p|SUB|M|404|V
16277682	1572	1577	M404V	ProteinMutation	p|SUB|M|404|V
16216473	918	953	C-->T transversion at cDNA base 463	DNAMutation	c|SUB|C|463|T
16216473	955	960	C463T	DNAMutation	c|SUB|C|463|T
16216473	1031	1036	P155S	ProteinMutation	p|SUB|P|155|S
16167150	670	677	-866G/A	DNAMutation	c|SUB|G|-866|A
16167150	711	714	G/A	DNAMutation	|SUB|G||A
16167150	732	735	C/T	DNAMutation	|SUB|C||T
16167150	752	760	Ala55Val	ProteinMutation	p|SUB|A|55|V
16167150	928	935	-866G/A	DNAMutation	c|SUB|G|-866|A
16167150	983	991	Ala55Val	ProteinMutation	p|SUB|A|55|V
16167150	1031	1034	G/A	DNAMutation	|SUB|G||A
16167150	1153	1160	-866G/A	DNAMutation	c|SUB|G|-866|A
16167150	1193	1201	Ala55Val	ProteinMutation	p|SUB|A|55|V
16167150	1637	1644	-866G/A	DNAMutation	c|SUB|G|-866|A
16152606	30	37	657del5	DNAMutation	c|DEL|657|5
16152606	427	434	657del5	DNAMutation	c|DEL|657|5
16152606	588	594	643C>T	DNAMutation	c|SUB|C|643|T
16152606	596	601	R215W	ProteinMutation	p|SUB|R|215|W
16152606	892	899	657del5	DNAMutation	c|DEL|657|5
16152606	1096	1101	R215W	ProteinMutation	p|SUB|R|215|W
16152606	1168	1175	657del5	DNAMutation	c|DEL|657|5
16152606	1429	1436	657del5	DNAMutation	c|DEL|657|5
16120104	478	485	C-1228T	DNAMutation	c|SUB|C|-1228|T
16120104	542	547	C111G	DNAMutation	c|SUB|C|111|G
16120104	577	583	G3853A	DNAMutation	c|SUB|G|3853|A
16120104	1382	1387	C111G	DNAMutation	c|SUB|C|111|G
16046395	83	88	A118G	DNAMutation	c|SUB|A|118|G
16046395	356	361	A118G	DNAMutation	c|SUB|A|118|G
16046395	377	381	N40D	ProteinMutation	p|SUB|N|40|D
16046395	553	558	A118G	DNAMutation	c|SUB|A|118|G
16005363	41	54	AFF344-345ins	ProteinMutation	p|INS|344_345|AFF
16005363	649	662	AFF344-345ins	ProteinMutation	p|INS|344_345|AFF
15768551	26	35	Val-->Ala	ProteinMutation	p|SUB|V||A
15768551	822	854	GTT-->GCT transition at codon 23	DNAMutation	|SUB|GTT|CODON23|GCT
15768551	890	899	Val-->Ala	ProteinMutation	p|SUB|V||A
15680411	439	444	R194W	ProteinMutation	p|SUB|R|194|W
15680411	446	451	R399Q	ProteinMutation	p|SUB|R|399|Q
15680411	532	537	T241M	ProteinMutation	p|SUB|T|241|M
15680411	593	598	I134T	ProteinMutation	p|SUB|I|134|T
15649253	965	969	L50R	ProteinMutation	p|SUB|L|50|R
15609295	69	77	Asn45Ser	ProteinMutation	p|SUB|N|45|S
15609295	1215	1223	Asn45Ser	ProteinMutation	p|SUB|N|45|S
15599941	294	297	G/A	DNAMutation	|SUB|G||A
15599941	935	938	G/A	DNAMutation	|SUB|G||A
15316799	472	479	15T-->C	DNAMutation	|SUB|T|CODON15|C
15316799	515	536	Phe-->Ser at codon 15	ProteinMutation	p|SUB|F|15|S
15316799	538	557	intron 2, -352G-->A	DNAMutation	c|SUB|G|IVS2-352|A
15316799	559	577	intron 3, +45C-->T	DNAMutation	c|SUB|C|IVS3+45|T
15316799	579	598	intron 4, +718C-->T	DNAMutation	c|SUB|C|IVS4+718|T
15205584	69	74	W486C	ProteinMutation	p|SUB|W|486|C
15205584	278	283	W486C	ProteinMutation	p|SUB|W|486|C
15205584	635	642	G --> C	DNAMutation	|SUB|G||C
15205584	696	701	W486C	ProteinMutation	p|SUB|W|486|C
15205584	973	978	W486C	ProteinMutation	p|SUB|W|486|C
15205584	1045	1050	W486C	ProteinMutation	p|SUB|W|486|C
15205584	1233	1238	W486C	ProteinMutation	p|SUB|W|486|C
15200408	1495	1502	Ala7Val	ProteinMutation	p|SUB|A|7|V
15200408	1566	1575	Pro154Ala	ProteinMutation	p|SUB|P|154|A
15198485	18	27	Lys198Asn	ProteinMutation	p|SUB|K|198|N
15198485	32	40	-134delA	DNAMutation	c|DEL|-134|A
15198485	315	324	Lys198Asn	ProteinMutation	p|SUB|K|198|N
15198485	440	448	-134delA	DNAMutation	c|DEL|-134|A
15198485	542	551	Lys198Asn	ProteinMutation	p|SUB|K|198|N
15198485	1358	1367	Lys198Asn	ProteinMutation	p|SUB|K|198|N
15198485	1503	1512	Lys198Asn	ProteinMutation	p|SUB|K|198|N
15198485	1610	1619	Lys198Asn	ProteinMutation	p|SUB|K|198|N
15122708	1143	1168	del 92 nucleotide -19/+73	DNAMutation	c|DEL|-19_+73|92
15111599	1002	1011	279delGAG	DNAMutation	|DEL|279|GAG
15111599	1311	1319	DeltaG91	ProteinMutation	p|DEL|91|G
15111599	1442	1451	IVS3+1G/A	DNAMutation	c|SUB|G|IVS3+1|A
15041272	72	78	R1306W	ProteinMutation	p|SUB|R|1306|W
15041272	1211	1223	Arg 1306 Trp	ProteinMutation	p|SUB|R|1306|W
15041272	1225	1231	R1306W	ProteinMutation	p|SUB|R|1306|W
15041272	1522	1528	R1306W	ProteinMutation	p|SUB|R|1306|W
15018851	1328	1333	N495K	ProteinMutation	p|SUB|N|495|K
15018851	1422	1427	L501I	ProteinMutation	p|SUB|L|501|I
15003823	835	847	33 + 2 T-->C	DNAMutation	c|SUB|T|33+2|C
15003823	858	867	181 G-->C	DNAMutation	c|SUB|G|181|C
15003823	880	895	267-61 del 8 bp	DNAMutation	c|DEL|267-61_267-54|8
15003823	908	919	345-1 G-->C	DNAMutation	c|SUB|G|345-1|C
15003823	932	946	498 + 15 G-->T	DNAMutation	c|SUB|G|498+15|T
15003823	951	979	499-13 Delta-14 bp indel TGA	DNAMutation	c|INDEL|499-13_499|TGA
15003823	993	1006	825 + 1 G-->C	DNAMutation	c|SUB|G|825+1|C
15003823	1011	1024	825 + 2 T-->C	DNAMutation	c|SUB|T|825+2|C
15003823	1036	1043	962 G-A	DNAMutation	c|SUB|G|962|A
15003823	1045	1055	1067 del A	DNAMutation	c|DEL|1067|A
15003823	1060	1078	1067-1068 ins 5 bp	DNAMutation	c|INS|1067_1068|5
14962306	1004	1010	V1561M	ProteinMutation	p|SUB|V|1561|M
14722925	694	698	N34S	ProteinMutation	p|SUB|N|34|S
14722925	976	984	c.27delC	DNAMutation	c|DEL|27|C
14722925	1075	1083	c.27delC	DNAMutation	c|DEL|27|C
14722925	1335	1344	c.87+1G>A	DNAMutation	c|SUB|G|87+1|A
14722925	1346	1391	G>A substitution at nucleotide +1 of intron 2	DNAMutation	c|SUB|G|IVS2+1|A
14708104	830	846	c.3385_3386delTT	DNAMutation	c|DEL|3385_3386|TT
14708104	906	914	p.F1129X	ProteinMutation	p|SUB|F|1129|X
12862311	527	537	79-1 G > T	DNAMutation	c|SUB|G|79-1|T
12862311	563	569	Q1169X	ProteinMutation	p|SUB|Q|1169|X
12862311	573	578	R497X	ProteinMutation	p|SUB|R|497|X
12862311	625	630	R295C	ProteinMutation	p|SUB|R|295|C
12862311	855	861	Q1169X	ProteinMutation	p|SUB|Q|1169|X
12820697	1010	1015	P261L	ProteinMutation	p|SUB|P|261|L
12820697	1020	1025	V330M	ProteinMutation	p|SUB|V|330|M
12820697	1063	1072	1009 delA	DNAMutation	|DEL|1009|A
12820697	1116	1121	A182T	ProteinMutation	p|SUB|A|182|T
12820697	1178	1183	V330M	ProteinMutation	p|SUB|V|330|M
12820697	1188	1196	1009delA	DNAMutation	|DEL|1009|A
12820697	1411	1416	P261L	ProteinMutation	p|SUB|P|261|L
12791036	725	739	c.1285-1301dup	DNAMutation	c|DUP|1285_1301||
12791036	782	791	c.615delC	DNAMutation	c|DEL|615|C
12791036	800	805	R238X	ProteinMutation	p|SUB|R|238|X
12737948	657	671	IVS10+1, g-->t	DNAMutation	r|SUB|G|IVS10+1|T
12737948	906	920	IVS10+1, g-->t	DNAMutation	r|SUB|G|IVS10+1|T
12737948	1126	1131	-251G	DNAMutation	c|SUB||-251|G
12737948	1133	1141	IVS1-23T	DNAMutation	c|SUB||IVS1-23|T
12737948	1147	1155	IVS3-48C	DNAMutation	c|SUB||IVS3-48|C
12701064	907	930	(TAC-->AA) at codon 329	DNAMutation	|SUB|TAC|CODON329|AA
12668609	1096	1102	A-262T	DNAMutation	c|SUB|A|-262|T
12636044	334	346	c2403T --> C	DNAMutation	c|SUB|T|2403|C
12636044	351	363	c5398T --> C	DNAMutation	c|SUB|T|5398|C
12636044	434	446	c4475C --> A	DNAMutation	c|SUB|C|4475|A
12631337	1379	1386	delTTCA	DNAMutation	|DEL||TTCA
12631337	1420	1427	delTTCA	DNAMutation	|DEL||TTCA
12631337	1774	1781	delTTCA	DNAMutation	|DEL||TTCA
12631337	1889	1896	delTTCA	DNAMutation	|DEL||TTCA
22106692	1481	1486	E137D	ProteinMutation	p|SUB|E|137|D
22106692	1494	1498	R32Q	ProteinMutation	p|SUB|R|32|Q
22106692	1506	1511	E101K	ProteinMutation	p|SUB|E|101|K
22106692	1522	1527	Y156H	ProteinMutation	p|SUB|Y|156|H
22106692	1561	1568	366delT	DNAMutation	|DEL|366|T
21699520	1066	1075	g.2885G>C	DNAMutation	g|SUB|G|2885|C
21699520	1129	1136	p.R962T	ProteinMutation	p|SUB|R|962|T
21699520	1275	1284	g.2839T>G	DNAMutation	g|SUB|T|2839|G
21699520	1329	1339	p.E947stop	ProteinMutation	p|SUB|E|947|X
21699520	1403	1414	IVS9 + 217T	DNAMutation	c|SUB||IVS9+217|T
21542403	2094	2105	IVS19-37G/C	DNAMutation	c|SUB|G|IVS19-37|C
21542403	2112	2118	D1017N	ProteinMutation	p|SUB|D|1017|N
21903317	1075	1082	c.28T>C	DNAMutation	c|SUB|T|28|C
21903317	1084	1090	p.W10R	ProteinMutation	p|SUB|W|10|R
21666969	178	186	1359 G/A	DNAMutation	g|SUB|G|1359|A
21684788	1186	1194	c.407C>T	DNAMutation	c|SUB|C|407|T
21684788	1196	1201	P136L	ProteinMutation	p|SUB|P|136|L
22042570	766	784	c.2708_2711delTTAG	DNAMutation	c|DEL|2708_2711|TTAG
22042570	786	799	p.V903GfsX905	ProteinMutation	p|FS|V|903|G|905
22042570	910	927	c.1618_1620delACT	DNAMutation	c|DEL|1618_1620|ACT
22042570	929	938	p.T540del	ProteinMutation	p|DEL|540|T
22042570	1037	1046	c.1084G>T	DNAMutation	c|SUB|G|1084|T
22042570	1048	1055	p.E362X	ProteinMutation	p|SUB|E|362|X
21615796	303	311	rs763780	SNP	rs763780
21615796	313	320	7488T/C	DNAMutation	g|SUB|T|7488|C
21937424	22	27	R114H	ProteinMutation	p|SUB|R|114|H
21937424	438	443	R114H	ProteinMutation	p|SUB|R|114|H
21937424	610	615	R114H	ProteinMutation	p|SUB|R|114|H
21937424	671	678	D201ins	ProteinMutation	p|INS|201|D
21937424	709	716	A124ins	ProteinMutation	p|INS|124|A
21937424	759	764	R114H	ProteinMutation	p|SUB|R|114|H
21937424	848	853	R114H	ProteinMutation	p|SUB|R|114|H
21937424	854	859	R114H	ProteinMutation	p|SUB|R|114|H
21937424	970	977	D201ins	ProteinMutation	p|INS|201|D
21937424	978	985	D201ins	ProteinMutation	p|INS|201|D
21937424	997	1004	A124ins	ProteinMutation	p|INS|124|A
21937424	1005	1012	A124ins	ProteinMutation	p|INS|124|A
21937424	1101	1106	R114H	ProteinMutation	p|SUB|R|114|H
21937424	1107	1114	D201ins	ProteinMutation	p|INS|201|D
21937424	1126	1131	R114H	ProteinMutation	p|SUB|R|114|H
21937424	1132	1139	A124ins	ProteinMutation	p|INS|124|A
21937424	1213	1218	R114H	ProteinMutation	p|SUB|R|114|H
21937424	1219	1224	R114H	ProteinMutation	p|SUB|R|114|H
21937424	1350	1355	R114H	ProteinMutation	p|SUB|R|114|H
21937424	1356	1363	D201ins	ProteinMutation	p|INS|201|D
21937424	1375	1380	R114H	ProteinMutation	p|SUB|R|114|H
21937424	1381	1388	A124ins	ProteinMutation	p|INS|124|A
21937424	1456	1463	D201ins	ProteinMutation	p|INS|201|D
21937424	1475	1482	A124ins	ProteinMutation	p|INS|124|A
21937424	1573	1578	R114H	ProteinMutation	p|SUB|R|114|H
21937424	1695	1700	R114A	ProteinMutation	p|SUB|R|114|A
21937424	1705	1710	R114K	ProteinMutation	p|SUB|R|114|K
22180037	289	312	A > G at nucleotide 313	DNAMutation	c|SUB|A|313|G
22180037	359	368	Ile105Val	ProteinMutation	p|SUB|I|105|V
22180037	475	484	Ile105Val	ProteinMutation	p|SUB|I|105|V
22180037	689	698	Ile105Val	ProteinMutation	p|SUB|I|105|V
22180037	871	880	Ile105Val	ProteinMutation	p|SUB|I|105|V
22125978	825	839	c.659_660delTA	DNAMutation	c|DEL|659_660|TA
22125978	940	954	c.659_660delTA	DNAMutation	c|DEL|659_660|TA
21042587	687	698	p.R469[R,X]	ProteinMutation	p|SUB|R|469|X
21182502	1134	1145	IVS64+5g->a	DNAMutation	r|SUB|g|IVS64+5|a
20583543	763	770	p.R246Q	ProteinMutation	p|SUB|R|246|Q
20583543	868	887	g.80_87delT CGCGAAG	DNAMutation	g|DEL|80_87|TCGCGAAG
20583543	889	900	p.A27fsX132	ProteinMutation	p|FS|A|27||132
20583543	906	913	p.R246Q	ProteinMutation	p|SUB|R|246|Q
20583543	980	987	p.G196S	ProteinMutation	p|SUB|G|196|S
20583543	1080	1087	p.R246Q	ProteinMutation	p|SUB|R|246|Q
21219851	1181	1191	c.2187delA	DNAMutation	c|DEL|2187|A
21219851	1220	1229	c.2992C>T	DNAMutation	c|SUB|C|2992|T
21219851	1422	1431	rs1800255	SNP	rs1800255
21219851	1432	1435	G>A	DNAMutation	|SUB|G||A
21219851	1437	1446	rs1801184	SNP	rs1801184
21219851	1447	1450	T>C	DNAMutation	|SUB|T||C
21219851	1456	1465	rs2271683	SNP	rs2271683
21219851	1466	1469	A>G	DNAMutation	|SUB|A||G
20579626	394	404	c.1052delA	DNAMutation	c|DEL|1052|A
20579626	847	857	c.1052delA	DNAMutation	c|DEL|1052|A
21126715	79	87	Ile262fs	ProteinMutation	p|FS|I|262||
21126715	1234	1241	783insG	DNAMutation	|INS|783|G
21126715	1243	1251	Ile262fs	ProteinMutation	p|FS|I|262||
21130517	710	715	L858R	ProteinMutation	p|SUB|L|858|R
21130517	1187	1192	L858R	ProteinMutation	p|SUB|L|858|R
21340161	648	666	c.1186_1187insGGCC	DNAMutation	c|INS|1186_1187|GGCC
21163864	4	9	M235T	ProteinMutation	p|SUB|M|235|T
21163864	327	332	T704C	DNAMutation	c|SUB|T|704|C
21163864	913	918	M235T	ProteinMutation	p|SUB|M|235|T
20606392	837	842	R211H	ProteinMutation	p|SUB|R|211|H
20606392	903	910	899dupC	DNAMutation	|DUP|899|C|
21406173	1064	1069	E441G	ProteinMutation	p|SUB|E|441|G
20577006	931	936	P799L	ProteinMutation	p|SUB|P|799|L
20577006	1019	1026	F471del	ProteinMutation	p|DEL|471|F
20577006	1087	1092	R594H	ProteinMutation	p|SUB|R|594|H
20534142	383	389	rs6232	SNP	rs6232
20534142	394	400	rs6235	SNP	rs6235
20534142	613	619	rs6232	SNP	rs6232
20534142	624	630	rs6235	SNP	rs6235
20534142	916	922	rs6235	SNP	rs6235
20534142	936	942	rs6232	SNP	rs6232
20534142	1010	1016	rs6235	SNP	rs6235
20534142	1021	1027	rs6232	SNP	rs6232
20534142	1232	1238	rs6235	SNP	rs6235
20534142	1289	1295	rs6232	SNP	rs6232
20534142	1472	1478	rs6232	SNP	rs6232
20534142	1736	1742	rs6235	SNP	rs6235
20534142	1968	1974	rs6232	SNP	rs6232
20534142	2009	2014	N221D	ProteinMutation	p|SUB|N|221|D
20227423	884	893	Ser704Cys	ProteinMutation	p|SUB|S|704|C
20227423	1029	1038	Ser704Cys	ProteinMutation	p|SUB|S|704|C
20227423	1153	1162	Ser704Cys	ProteinMutation	p|SUB|S|704|C
20227423	1512	1521	Ser704Cys	ProteinMutation	p|SUB|S|704|C
20143913	172	179	p.R315X	ProteinMutation	p|SUB|R|315|X
20143913	463	476	c.899-1142del	DNAMutation	c|DEL|899_1142|
20143913	742	759	g.99367-102002del	DNAMutation	g|DEL|99367_102002|
20086182	358	373	-652 6N ins/del	DNAMutation	c|INDEL|-652|6
20086182	403	408	D302H	ProteinMutation	p|SUB|D|302|H
20086182	654	665	-652 6N del	DNAMutation	c|DEL|-652|6
20086182	935	946	-652 6N del	DNAMutation	c|DEL|-652|6
20086182	1265	1276	-652 6N del	DNAMutation	c|DEL|-652|6
20086182	1472	1483	-652 6N del	DNAMutation	c|DEL|-652|6
20026870	81	87	A1166C	DNAMutation	|SUB|A|1166|C
20026870	853	859	A1166C	DNAMutation	|SUB|A|1166|C
19958188	452	462	-369 (C>G)	DNAMutation	c|SUB|C|-369|G
19958188	464	473	-611 (-T)	DNAMutation	c|DEL|-611|T
19958188	478	494	-603/604 (GA>AG)	DNAMutation	c|SUB|GA|-603_-604|AG
19958188	530	540	-588 (A>G)	DNAMutation	c|SUB|A|-588|G
19958188	545	566	-AAGC at -222 to -225	DNAMutation	c|DEL|-222_-225|AAGC
19958188	957	970	IVS-II-1(G>A)	DNAMutation	c|SUB|G|IVS2-1|A
19958188	971	984	IVS-II-1(G>A)	DNAMutation	c|SUB|G|IVS2-1|A
19929939	946	956	c.2449delT	DNAMutation	c|DEL|2449|T
19929939	1116	1133	p.Cys817Valfs X15	ProteinMutation	p|FS|C|817|V|15
19918264	6	15	Gly388Arg	ProteinMutation	p|SUB|G|388|R
19918264	1179	1190	Gly(388)Arg	ProteinMutation	p|SUB|G|388|R
19880293	985	1004	-6054, deletion/ATT	DNAMutation	c|DEL|-6054|ATT
19880293	1006	1016	-3279, A/C	DNAMutation	c|SUB|A|-3279|C
19880293	1018	1027	-924, A/G	DNAMutation	c|SUB|A|-924|G
19880293	1029	1042	IVS9+459, A/G	DNAMutation	c|SUB|A|IVS9+459|G
19880293	1959	1977	-6054 deletion/ATT	DNAMutation	c|DEL|-6054|ATT
19880293	1986	1994	-924 A/G	DNAMutation	c|SUB|A|-924|G
19728872	1198	1207	c.1922G>A	DNAMutation	c|SUB|G|1922|A
19728872	1209	1220	p.Arg641His	ProteinMutation	p|SUB|R|641|H
19728872	1755	1764	c.1922G>A	DNAMutation	c|SUB|G|1922|A
19664890	1044	1056	c.387+107A>T	DNAMutation	c|SUB|A|387+107|T
19592582	498	504	P686fs	ProteinMutation	p|FS|P|686||
19592582	571	587	2172_2173insCCCC	DNAMutation	c|INS|2172_2173|CCCC
19592582	715	723	c.467C>A	DNAMutation	c|SUB|C|467|A
19592582	728	736	c.468C>T	DNAMutation	c|SUB|C|468|T
19592582	781	786	A118D	ProteinMutation	p|SUB|A|118|D
19592582	1025	1030	A118D	ProteinMutation	p|SUB|A|118|D
19521089	544	551	rs25531	SNP	rs25531
19521089	552	557	A-->G	DNAMutation	|SUB|A||G
19521089	771	778	rs25531	SNP	rs25531
19521089	806	813	rs25531	SNP	rs25531
19476483	21	28	Delta32	DNAMutation	|DEL||32
19476483	377	384	Delta32	DNAMutation	|DEL||32
19476483	462	469	Delta32	DNAMutation	|DEL||32
19476483	823	830	Delta32	DNAMutation	|DEL||32
19476483	947	954	Delta32	DNAMutation	|DEL||32
19476483	1203	1210	Delta32	DNAMutation	|DEL||32
19476483	1355	1362	Delta32	DNAMutation	|DEL||32
19476483	1511	1518	Delta32	DNAMutation	|DEL||32
19448408	826	835	T1270533G	DNAMutation	g|SUB|T|1270533|G
19448408	1078	1087	T1270533G	DNAMutation	g|SUB|T|1270533|G
19448408	1161	1170	T1270533G	DNAMutation	g|SUB|T|1270533|G
19448408	1445	1454	T1270533G	DNAMutation	g|SUB|T|1270533|G
19448408	1513	1522	T1270533G	DNAMutation	g|SUB|T|1270533|G
19404517	503	507	N45S	ProteinMutation	p|SUB|N|45|S
19404517	641	645	N45S	ProteinMutation	p|SUB|N|45|S
19370764	478	485	p.T286M	ProteinMutation	p|SUB|T|286|M
19370764	501	508	p.W111X	ProteinMutation	p|SUB|W|111|X
19370764	607	617	c.610-2A>G	DNAMutation	c|SUB|A|610-2|G
19370764	677	686	c.611delG	DNAMutation	c|DEL|611|G
19370764	691	705	c.640_667del28	DNAMutation	c|DEL|640_667|28
19370764	758	776	c.609+28_610-16del	DNAMutation	c|DEL|609+28_610-16|
19370764	839	849	c.610-2A>G	DNAMutation	c|SUB|A|610-2|G
19370764	1005	1019	p.G204_K247del	ProteinMutation	p|DEL|204_247|
19370764	1058	1070	p.G204VfsX28	ProteinMutation	p|FS|G|204|V|28
19370764	1151	1169	c.609+28_610-16del	DNAMutation	c|DEL|609+28_610-16|
19370764	1237	1255	c.609+28_610-16del	DNAMutation	c|DEL|609+28_610-16|
19370764	1656	1668	p.G204VfsX17	ProteinMutation	p|FS|G|204|V|17
19218574	63	72	Met326Ile	ProteinMutation	p|SUB|M|326|I
19218574	454	463	Met326Ile	ProteinMutation	p|SUB|M|326|I
19218574	607	616	Met326Ile	ProteinMutation	p|SUB|M|326|I
19218574	814	823	Met326Ile	ProteinMutation	p|SUB|M|326|I
19218574	910	919	Met326Ile	ProteinMutation	p|SUB|M|326|I
19218574	1439	1448	Met326Ile	ProteinMutation	p|SUB|M|326|I
19218574	1604	1613	Met326Ile	ProteinMutation	p|SUB|M|326|I
19218574	1695	1704	Met326Ile	ProteinMutation	p|SUB|M|326|I
19144556	673	680	1849T>A	DNAMutation	|SUB|T|1849|A
19144556	682	689	2122C>T	DNAMutation	|SUB|C|2122|T
19144556	691	698	2180C>T	DNAMutation	|SUB|C|2180|T
19144556	704	711	2192C>T	DNAMutation	|SUB|C|2192|T
19144556	820	835	1978(TATC)(1-2)	DNAMutation	|DUP|1978|TATC|1-2
19144556	837	853	2193(ATCT)(5-13)	DNAMutation	|DUP|2193|ATCT|5-13
19144556	859	874	2234(TGTA)(5-7)	DNAMutation	|DUP|2234|TGTA|5-7
18790087	65	72	Delta32	DNAMutation	|DEL||32
18790087	419	426	Delta32	DNAMutation	|DEL||32
18790087	491	498	Delta32	DNAMutation	|DEL||32
18681856	102	109	p.M453T	ProteinMutation	p|SUB|M|453|T
18681856	803	814	c.1358T-->C	DNAMutation	c|SUB|T|1358|C
18681856	899	906	p.M453T	ProteinMutation	p|SUB|M|453|T
19808398	802	808	A1180V	ProteinMutation	p|SUB|A|1180|V
19808398	1508	1514	A1180V	ProteinMutation	p|SUB|A|1180|V
19808398	1651	1657	A1180V	ProteinMutation	p|SUB|A|1180|V
19808398	1801	1807	A1180V	ProteinMutation	p|SUB|A|1180|V
18470323	63	68	R124C	ProteinMutation	p|SUB|R|124|C
18470323	654	659	R124C	ProteinMutation	p|SUB|R|124|C
18470323	1641	1646	C417T	DNAMutation	c|SUB|C|417|T
18470323	1684	1689	R124C	ProteinMutation	p|SUB|R|124|C
18470323	1872	1877	R124C	ProteinMutation	p|SUB|R|124|C
18457324	1164	1169	V244M	ProteinMutation	p|SUB|V|244|M
18457324	1356	1361	V244M	ProteinMutation	p|SUB|V|244|M
18457324	1551	1556	V244M	ProteinMutation	p|SUB|V|244|M
18457324	1776	1781	V244M	ProteinMutation	p|SUB|V|244|M
18457324	2139	2144	V244M	ProteinMutation	p|SUB|V|244|M
18439317	272	275	G/D	DNAMutation	|DEL||G
18426832	452	455	C/T	DNAMutation	|SUB|C||T
18426832	907	910	C/T	DNAMutation	|SUB|C||T
18410548	962	969	Y248del	ProteinMutation	p|DEL|248|Y
18410548	971	986	c.742_744delTAC	DNAMutation	c|DEL|742_744|TAC
18408250	1139	1147	rs729302	SNP	rs729302
18408250	1331	1339	rs729302	SNP	rs729302
18408250	1649	1657	rs729302	SNP	rs729302
18385794	943	952	c.310 G>T	DNAMutation	c|SUB|G|310|T
18385794	954	964	p. Glu104X	ProteinMutation	p|SUB|E|104|X
18385794	1212	1221	c.549delC	DNAMutation	c|DEL|549|C
18385794	1223	1240	p. Pro184ArgfsX19	ProteinMutation	p|FS|P|184|R|19
18385794	1476	1485	c.*557G>A	DNAMutation	c|SUB|G|*557|A
18385794	1677	1688	c. *469 C>A	DNAMutation	c|SUB|C|*469|A
18385794	1694	1704	rs11915160	SNP	rs11915160
18385794	1813	1822	c.471 C>T	DNAMutation	c|SUB|C|471|T
18385794	1824	1835	p.Ser157Ser	ProteinMutation	p|SUB|S|157|S
18385794	1837	1847	rs35435463	SNP	rs35435463
18385794	1853	1862	c.579 G>A	DNAMutation	c|SUB|G|579|A
18385794	1864	1876	p. Gln193Gln	ProteinMutation	p|SUB|Q|193|Q
18385794	1931	1940	c.871 G>A	DNAMutation	c|SUB|G|871|A
18385794	1942	1954	p. Asp291Asn	ProteinMutation	p|SUB|D|291|N
18257781	559	570	c.1445T > G	DNAMutation	c|SUB|T|1445|G
18257781	718	725	p.F482C	ProteinMutation	p|SUB|F|482|C
18257781	783	795	IVS21-2delAG	DNAMutation	c|DEL|IVS21-2|AG
18257781	1535	1542	p.F482C	ProteinMutation	p|SUB|F|482|C
18241046	681	689	g.203A>C	DNAMutation	g|SUB|A|203|C
18241046	1129	1137	g.203A>C	DNAMutation	g|SUB|A|203|C
18241046	1379	1387	g.203A>C	DNAMutation	g|SUB|A|203|C
18050247	1029	1034	N673S	ProteinMutation	p|SUB|N|673|S
18050247	1104	1109	C203S	ProteinMutation	p|SUB|C|203|S
17990063	1045	1058	p.T3708fs3769	ProteinMutation	p|FS|T|3708||3769
17962394	77	84	p.R229G	ProteinMutation	p|SUB|R|229|G
17962394	725	733	c.686C>G	DNAMutation	c|SUB|C|686|G
17962394	837	844	p.R229G	ProteinMutation	p|SUB|R|229|G
17962394	1179	1186	p.R229G	ProteinMutation	p|SUB|R|229|G
17959715	634	643	rs1800734	SNP	rs1800734
17910065	484	489	C139T	DNAMutation	c|SUB|C|139|T
17910065	624	629	C139T	DNAMutation	c|SUB|C|139|T
17910065	712	716	R47W	ProteinMutation	p|SUB|R|47|W
17910065	1008	1012	R47W	ProteinMutation	p|SUB|R|47|W
17876530	358	365	Delta32	DNAMutation	|DEL||32
17710578	607	613	A1166C	DNAMutation	|SUB|A|1166|C
17683901	69	74	G380R	ProteinMutation	p|SUB|G|380|R
17683901	332	339	p.G380R	ProteinMutation	p|SUB|G|380|R
17683901	482	491	c.1138G>A	DNAMutation	c|SUB|G|1138|A
17683901	496	505	c.1138G>C	DNAMutation	c|SUB|G|1138|C
17683901	606	615	c.1138G>A	DNAMutation	c|SUB|G|1138|A
17683901	962	971	c.1138G>A	DNAMutation	c|SUB|G|1138|A
17683901	1133	1140	p.G380R	ProteinMutation	p|SUB|G|380|R
17671735	776	784	-3170G>A	DNAMutation	c|SUB|G|-3170|A
17671735	861	869	-3170G>A	DNAMutation	c|SUB|G|-3170|A
17671735	899	906	p.R127H	ProteinMutation	p|SUB|R|127|H
17671735	1053	1061	c.357C>T	DNAMutation	c|SUB|C|357|T
17671735	1063	1071	c.798C>T	DNAMutation	c|SUB|C|798|T
17671735	1076	1083	c.94C>T	DNAMutation	c|SUB|C|94|T
17671735	1085	1091	p.R32W	ProteinMutation	p|SUB|R|32|W
17671735	1210	1218	-3170G>A	DNAMutation	c|SUB|G|-3170|A
17671735	1244	1252	c.35delG	DNAMutation	c|DEL|35|G
17549393	32	36	Y67X	ProteinMutation	p|SUB|Y|67|X
17549393	972	980	c.201C>A	DNAMutation	c|SUB|C|201|A
17549393	1054	1060	p.Y67X	ProteinMutation	p|SUB|Y|67|X
17327131	1047	1056	Asp218Asn	ProteinMutation	p|SUB|D|218|N
17327131	1061	1070	Gln266His	ProteinMutation	p|SUB|Q|266|H
17327131	1094	1105	c.14_15insC	DNAMutation	c|INS|14_15|C
17273972	749	754	H194Q	ProteinMutation	p|SUB|H|194|Q
17250663	678	685	p.D572H	ProteinMutation	p|SUB|D|572|H
17250663	687	695	c.G1714C	DNAMutation	c|SUB|G|1714|C
17250663	824	831	p.D572N	ProteinMutation	p|SUB|D|572|N
17250663	833	841	c.G1714A	DNAMutation	c|SUB|G|1714|A
17250663	1037	1044	p.D572H	ProteinMutation	p|SUB|D|572|H
17250663	1080	1087	p.D572N	ProteinMutation	p|SUB|D|572|N
17192049	401	410	Ile462Val	ProteinMutation	p|SUB|I|462|V
17192049	415	421	T3801C	DNAMutation	g|SUB|T|3801|C
17169596	59	67	c.671G>A	DNAMutation	c|SUB|G|671|A
17169596	416	424	c.671G>A	DNAMutation	c|SUB|G|671|A
17169596	665	673	c.671G>A	DNAMutation	c|SUB|G|671|A
17000021	27	36	-1123 G>C	DNAMutation	c|SUB|G|-1123|C
17000021	40	49	+2740 A>G	DNAMutation	c|SUB|A|+2740|G
17000021	250	258	+1858C>T	DNAMutation	c|SUB|C|+1858|T
17000021	260	265	R620W	ProteinMutation	p|SUB|R|620|W
17000021	900	909	rs2488457	SNP	rs2488457
17000021	919	928	rs2476601	SNP	rs2476601
17000021	934	939	R620W	ProteinMutation	p|SUB|R|620|W
17000021	966	975	rs1217412	SNP	rs1217412
16970763	960	969	Leu103Val	ProteinMutation	p|SUB|L|103|V
16970763	994	1002	His43Arg	ProteinMutation	p|SUB|H|43|R
16843501	982	1017	G-->C transversion at 1245 position	DNAMutation	g|SUB|G|1245|C
16843501	1048	1087	Ser-->Cys substitution at the codon 326	ProteinMutation	p|SUB|S|326|C
16843501	1093	1102	Ser326Cys	ProteinMutation	p|SUB|S|326|C
16843501	1123	1157	G-->C substitution at position 135	DNAMutation	g|SUB|G|135|C
16843501	1206	1211	G135C	DNAMutation	g|SUB|G|135|C
16843501	1707	1712	G135C	DNAMutation	g|SUB|G|135|C
16843501	1941	1951	Ser1245Cys	ProteinMutation	p|SUB|S|1245|C
16843501	2142	2147	G135C	DNAMutation	g|SUB|G|135|C
16822828	730	736	V311fs	ProteinMutation	p|FS|V|311||
16822828	741	747	Y329fs	ProteinMutation	p|FS|Y|329||
16822828	788	794	V311fs	ProteinMutation	p|FS|V|311||
16822828	848	854	Y329fs	ProteinMutation	p|FS|Y|329||
16822828	897	920	(TAC-->AA) at codon 329	DNAMutation	|SUB|TAC|CODON329|AA
16822828	952	958	Y329fs	ProteinMutation	p|FS|Y|329||
16822828	993	999	Y329fs	ProteinMutation	p|FS|Y|329||
16822828	1004	1010	V311fs	ProteinMutation	p|FS|V|311||
16822828	1538	1544	Y329fs	ProteinMutation	p|FS|Y|329||
16822828	1779	1785	Y329fs	ProteinMutation	p|FS|Y|329||
16628674	224	230	V1188E	ProteinMutation	p|SUB|V|1188|E
16601880	840	848	c.28delC	DNAMutation	c|DEL|28|C
16601880	850	860	c.1175delC	DNAMutation	c|DEL|1175|C
16601880	862	872	c.2186delC	DNAMutation	c|DEL|2186|C
16601880	874	884	c.2422delA	DNAMutation	c|DEL|2422|A
16601880	909	924	c.1002_1003insT	DNAMutation	c|INS|1002_1003|T
16601880	949	967	c.1285_1286insCAAA	DNAMutation	c|INS|1285_1286|CAAA
16601880	994	1021	c.2153_2155delinsTCCTGGTTTA	DNAMutation	c|INDEL|2153_2155|TCCTGGTTTA
16601880	1049	1056	p.E153X	ProteinMutation	p|SUB|E|153|X
16601880	1058	1065	p.R236X	ProteinMutation	p|SUB|R|236|X
16601880	1067	1074	p.E270X	ProteinMutation	p|SUB|E|270|X
16601880	1076	1083	p.R337X	ProteinMutation	p|SUB|R|337|X
16601880	1085	1092	p.R424X	ProteinMutation	p|SUB|R|424|X
16601880	1126	1138	c.861+1G > T	DNAMutation	c|SUB|G|861+1|T
16601880	1140	1153	c.1402-1C > G	DNAMutation	c|SUB|C|1402-1|G
16601880	1155	1168	c.2316-1G > A	DNAMutation	c|SUB|G|2316-1|A
16601880	1170	1183	c.2919+1G > A	DNAMutation	c|SUB|G|2919+1|A
16601880	1272	1285	c.2838+5G > A	DNAMutation	c|SUB|G|2838+5|A
16601880	1397	1404	p.T269M	ProteinMutation	p|SUB|T|269|M
16601880	1406	1413	p.R461Q	ProteinMutation	p|SUB|R|461|Q
16601880	1415	1422	p.G771R	ProteinMutation	p|SUB|G|771|R
16601880	1495	1502	p.S132W	ProteinMutation	p|SUB|S|132|W
16601880	1504	1511	p.Y138F	ProteinMutation	p|SUB|Y|138|F
16601880	1513	1520	p.G171A	ProteinMutation	p|SUB|G|171|A
16601880	1522	1529	p.T187K	ProteinMutation	p|SUB|T|187|K
16601880	1531	1538	p.R212K	ProteinMutation	p|SUB|R|212|K
16601880	1540	1547	p.T269M	ProteinMutation	p|SUB|T|269|M
16601880	1549	1556	p.R373W	ProteinMutation	p|SUB|R|373|W
16601880	1558	1565	p.I440N	ProteinMutation	p|SUB|I|440|N
16601880	1567	1574	p.R461Q	ProteinMutation	p|SUB|R|461|Q
16601880	1576	1583	p.N533Y	ProteinMutation	p|SUB|N|533|Y
16601880	1585	1592	p.C644F	ProteinMutation	p|SUB|C|644|F
16601880	1594	1601	p.H651R	ProteinMutation	p|SUB|H|651|R
16601880	1603	1610	p.V705M	ProteinMutation	p|SUB|V|705|M
16601880	1612	1619	p.N732K	ProteinMutation	p|SUB|N|732|K
16601880	1621	1628	p.G771R	ProteinMutation	p|SUB|G|771|R
16601880	1630	1637	p.H775R	ProteinMutation	p|SUB|H|775|R
16601880	1639	1646	p.T830M	ProteinMutation	p|SUB|T|830|M
16601880	1648	1655	p.A841P	ProteinMutation	p|SUB|A|841|P
16601880	1657	1664	p.D880V	ProteinMutation	p|SUB|D|880|V
16601880	1666	1673	p.S957P	ProteinMutation	p|SUB|S|957|P
16601880	1678	1685	p.R966G	ProteinMutation	p|SUB|R|966|G
16601880	1857	1864	p.Y138F	ProteinMutation	p|SUB|Y|138|F
16601880	1866	1873	p.T269M	ProteinMutation	p|SUB|T|269|M
16601880	1878	1885	p.E153X	ProteinMutation	p|SUB|E|153|X
16601880	1965	1972	p.V705M	ProteinMutation	p|SUB|V|705|M
16601880	1977	1984	p.R212K	ProteinMutation	p|SUB|R|212|K
16418600	816	823	p.F366L	ProteinMutation	p|SUB|F|366|L
16418600	1223	1234	457_458insG	DNAMutation	|INS|457_458|G
16379540	850	855	D110H	ProteinMutation	p|SUB|D|110|H
16379540	860	865	S589N	ProteinMutation	p|SUB|S|589|N
16379540	932	942	del14b_17b	DNAMutation	c|DEL|14_17|
16379540	973	984	c.4002A > G	DNAMutation	c|SUB|A|4002|G
16321363	404	410	338G>A	DNAMutation	|SUB|G|338|A
16211251	40	49	Glu 4 Lys	ProteinMutation	p|SUB|E|4|K
16211251	395	400	10G>A	DNAMutation	c|SUB|G|10|A
16211251	402	411	Glu 4 Lys	ProteinMutation	p|SUB|E|4|K
16211251	605	614	Glu 4 Lys	ProteinMutation	p|SUB|E|4|K
16211251	736	745	Glu 4 Lys	ProteinMutation	p|SUB|E|4|K
16211251	857	866	Glu 4 Lys	ProteinMutation	p|SUB|E|4|K
16211251	938	947	Glu 4 Lys	ProteinMutation	p|SUB|E|4|K
16157158	2	15	Cys 23-Ser 23	ProteinMutation	p|SUB|C|23|S
16157158	422	432	Cys 23 Ser	ProteinMutation	p|SUB|C|23|S
16157158	494	504	Cys 23 Ser	ProteinMutation	p|SUB|C|23|S
16157158	600	610	Cys 23 Ser	ProteinMutation	p|SUB|C|23|S
16157158	801	811	Cys 23 Ser	ProteinMutation	p|SUB|C|23|S
16157158	986	996	Cys 23 Ser	ProteinMutation	p|SUB|C|23|S
16157158	1222	1232	Cys 23 Ser	ProteinMutation	p|SUB|C|23|S
16157158	1356	1366	Cys 23 Ser	ProteinMutation	p|SUB|C|23|S
16157158	1518	1528	Cys 23 Ser	ProteinMutation	p|SUB|C|23|S
16000134	722	737	Glu 272 to stop	ProteinMutation	p|SUB|E|272|X
15851735	1083	1092	c.2607C>A	DNAMutation	c|SUB|C|2607|A
15851735	1305	1314	c.2607C>A	DNAMutation	c|SUB|C|2607|A
15807692	478	486	3472delC	DNAMutation	c|DEL|3472|C
15807692	648	653	G-->A	DNAMutation	|SUB|G||A
15807692	730	744	IVS51 + 1G-->A	DNAMutation	c|SUB|G|IVS51+1|A
15710861	1159	1164	F219V	ProteinMutation	p|SUB|F|219|V
15710861	1645	1650	F219V	ProteinMutation	p|SUB|F|219|V
15642853	951	956	G284R	ProteinMutation	p|SUB|G|284|R
15642853	1413	1418	R396G	ProteinMutation	p|SUB|R|396|G
15623763	908	926	glycine-594-valine	ProteinMutation	p|SUB|G|594|V
15623763	928	937	Gly594Val	ProteinMutation	p|SUB|G|594|V
15623763	960	979	valine-539-aspartic	ProteinMutation	p|SUB|V|539|D
15623763	986	995	Val539Asp	ProteinMutation	p|SUB|V|539|D
15623763	1051	1067	Val624-Val625del	ProteinMutation	p|DEL|624_625|VV
15623763	1108	1132	arginine 124-to-cysteine	ProteinMutation	p|SUB|R|124|C
15623763	1134	1143	Arg124Cys	ProteinMutation	p|SUB|R|124|C
15623763	1179	1204	histidine 626-to-arginine	ProteinMutation	p|SUB|H|626|R
15623763	1206	1215	His626Arg	ProteinMutation	p|SUB|H|626|R
15623763	1305	1314	Gly594Val	ProteinMutation	p|SUB|G|594|V
15623763	1319	1335	Val624-Val625del	ProteinMutation	p|DEL|624_625|VV
15623763	1401	1427	arginine 555-to-tryptophan	ProteinMutation	p|SUB|R|555|W
15623763	1429	1438	Arg555Trp	ProteinMutation	p|SUB|R|555|W
15623763	1507	1516	Arg124Leu	ProteinMutation	p|SUB|R|124|L
15623763	1616	1644	leucine 269 to phenylalanine	ProteinMutation	p|SUB|L|269|F
15623763	1646	1655	Leu269Phe	ProteinMutation	p|SUB|L|269|F
15623763	1697	1706	Arg555Trp	ProteinMutation	p|SUB|R|555|W
15623763	1730	1739	Arg124Cys	ProteinMutation	p|SUB|R|124|C
15623763	1744	1753	Arg555Trp	ProteinMutation	p|SUB|R|555|W
15481887	51	60	Glu-->Ala	ProteinMutation	p|SUB|E||A
15481887	92	101	Gly-->Ser	ProteinMutation	p|SUB|G||S
15481887	152	171	codon 26, GAG-->GCG	DNAMutation	|SUB|GAG|CODON26|GCG
15481887	183	192	Glu-->Ala	ProteinMutation	p|SUB|E||A
15481887	213	232	codon 29, GGC-->AGC	DNAMutation	|SUB|GGC|CODON29|AGC
15481887	245	254	Gly-->Ser	ProteinMutation	p|SUB|G||S
15459183	204	213	Ile232Thr	ProteinMutation	p|SUB|I|232|T
15377356	1053	1064	1877-2A-->C	DNAMutation	c|SUB|A|1877-2|C
15377356	1094	1102	3432delT	DNAMutation	c|DEL|3432|T
15191352	612	617	I280S	ProteinMutation	p|SUB|I|280|S
15191352	619	628	1123T-->G	DNAMutation	g|SUB|T|1123|G
15191352	738	743	I280S	ProteinMutation	p|SUB|I|280|S
15191352	995	1000	I280S	ProteinMutation	p|SUB|I|280|S
15148206	621	629	429A-->C	DNAMutation	|SUB|A|429|C
15148206	632	641	Arg135Ser	ProteinMutation	p|SUB|R|135|S
15148206	861	870	1222ins27	DNAMutation	|INS|1222|27
15135245	45	55	His3543Tyr	ProteinMutation	p|SUB|H|3543|Y
15135245	259	265	R3500Q	ProteinMutation	p|SUB|R|3500|Q
15135245	471	477	R3500W	ProteinMutation	p|SUB|R|3500|W
15135245	479	485	R3531C	ProteinMutation	p|SUB|R|3531|C
15135245	490	496	R3480W	ProteinMutation	p|SUB|R|3480|W
15135245	882	894	CAC(3543)TAC	DNAMutation	|SUB|C|CODON3543|T
15135245	908	918	His3543Tyr	ProteinMutation	p|SUB|H|3543|Y
15135245	945	951	H3543Y	ProteinMutation	p|SUB|H|3543|Y
15135245	990	996	H3543Y	ProteinMutation	p|SUB|H|3543|Y
15135245	1063	1075	Arg 3500 Gln	ProteinMutation	p|SUB|R|3500|Q
15135245	1077	1083	R3500Q	ProteinMutation	p|SUB|R|3500|Q
15122711	556	566	Glu873Stop	ProteinMutation	p|SUB|E|873|X
15122711	689	695	G1681A	DNAMutation	c|SUB|G|1681|A
15122711	730	739	Ala467Thr	ProteinMutation	p|SUB|A|467|T
15086325	712	722	IVS8 -2A>G	DNAMutation	c|SUB|A|IVS8-2|G
15086325	1100	1112	2238-9del AG	DNAMutation	c|DEL|2238_2239|AG
15086325	1198	1208	G6410 by T	DNAMutation	g|SUB|G|6410|T
15086325	1250	1260	Gly2079Val	ProteinMutation	p|SUB|G|2079|V
15086325	1287	1297	IVS8 -2A>G	DNAMutation	c|SUB|A|IVS8-2|G
15086325	1299	1311	2238-9del AG	DNAMutation	c|DEL|2238_2239|AG
15086325	1316	1322	G6410T	DNAMutation	g|SUB|G|6410|T
15069170	930	938	c.185C>T	DNAMutation	c|SUB|C|185|T
15069170	940	948	Thr60Met	ProteinMutation	p|SUB|T|60|M
15069170	951	960	c.1712C>T	DNAMutation	c|SUB|C|1712|T
15069170	962	971	Ala569Val	ProteinMutation	p|SUB|A|569|V
15069170	974	983	c.1930C>T	DNAMutation	c|SUB|C|1930|T
15069170	985	994	Arg642Cys	ProteinMutation	p|SUB|R|642|C
15069170	997	1006	c.2552T>A	DNAMutation	c|SUB|T|2552|A
15069170	1008	1017	Leu849His	ProteinMutation	p|SUB|L|849|H
15069170	1023	1033	c.1932delC	DNAMutation	c|DEL|1932|C
15069170	1155	1161	c.7A>T	DNAMutation	c|SUB|A|7|T
15069170	1163	1170	Met1Leu	ProteinMutation	p|SUB|M|1|L
15069170	1173	1192	c.1181_1186+20del26	DNAMutation	c|DEL|1181_1186+20|26
15069170	1194	1210	c.1811_1812delAT	DNAMutation	c|DEL|1811_1812|AT
15069170	1215	1225	IVS16+1G>A	DNAMutation	c|SUB|G|IVS16+1|A
15069170	1275	1294	c.1181_1186+20del26	DNAMutation	c|DEL|1181_1186+20|26
15069170	1408	1418	IVS16+1G>A	DNAMutation	c|SUB|G|IVS16+1|A
15064320	1006	1011	R227Q	ProteinMutation	p|SUB|R|227|Q
15064320	1203	1208	R227Q	ProteinMutation	p|SUB|R|227|Q
15064320	1323	1330	Tdel219	DNAMutation	|DEL|CODON219|T
14979495	4	13	Arg753GLn	ProteinMutation	p|SUB|R|753|Q
14979495	356	365	Arg753Gln	ProteinMutation	p|SUB|R|753|Q
14979495	556	565	Arg753Gln	ProteinMutation	p|SUB|R|753|Q
14979495	730	739	Arg753Gln	ProteinMutation	p|SUB|R|753|Q
14742428	424	429	C219W	ProteinMutation	p|SUB|C|219|W
14742428	473	478	H156Y	ProteinMutation	p|SUB|H|156|Y
14742428	498	502	V69G	ProteinMutation	p|SUB|V|69|G
14742428	522	538	IVS 9 del[-7:-4]	DNAMutation	c|DEL|IVS9-7_-4|
14742428	544	556	1109 ins 8bp	DNAMutation	c|INS|1109|8
14742428	594	599	H391R	ProteinMutation	p|SUB|H|391|R
14742428	617	625	S133stop	ProteinMutation	p|SUB|S|133|X
14742428	761	766	C219W	ProteinMutation	p|SUB|C|219|W
14742428	776	781	H156Y	ProteinMutation	p|SUB|H|156|Y
14742428	946	950	V69G	ProteinMutation	p|SUB|V|69|G
14742428	1154	1159	H391R	ProteinMutation	p|SUB|H|391|R
14742428	1563	1568	H391R	ProteinMutation	p|SUB|H|391|R
14673473	153	157	V30M	ProteinMutation	p|SUB|V|30|M
14673473	761	769	Val30Met	ProteinMutation	p|SUB|V|30|M
14673473	981	985	V30M	ProteinMutation	p|SUB|V|30|M
14673473	1228	1232	V30M	ProteinMutation	p|SUB|V|30|M
14673473	1597	1601	V30M	ProteinMutation	p|SUB|V|30|M
14587045	88	97	Arg-->Leu	ProteinMutation	p|SUB|R||L
14576201	32	54	IVS46: del T -39...-46	DNAMutation	c|DEL|IVS46(-39_-46)|T
14576201	594	600	G5947A	DNAMutation	g|SUB|G|5947|A
14576201	615	621	R1851Q	ProteinMutation	p|SUB|R|1851|Q
14576201	878	900	IVS46: del T -39...-46	DNAMutation	c|DEL|IVS46(-39_-46)|T
14576201	1367	1373	R1851Q	ProteinMutation	p|SUB|R|1851|Q
14576201	1415	1437	IVS46: del T -39...-46	DNAMutation	c|DEL|IVS46(-39_-46)|T
14510916	1315	1322	1892G>C	DNAMutation	c|SUB|G|1892|C
14510916	1363	1367	A68P	ProteinMutation	p|SUB|A|68|P
14510916	1563	1567	A68P	ProteinMutation	p|SUB|A|68|P
14510914	1666	1679	del-(439-443)	DNAMutation	c|DEL|-443_-439|
12898858	828	833	M235T	ProteinMutation	p|SUB|M|235|T
12898858	999	1005	A1166C	DNAMutation	|SUB|A|1166|C
12898858	1403	1409	A1166C	DNAMutation	|SUB|A|1166|C
12809638	146	151	C488R	ProteinMutation	p|SUB|C|488|R
12809638	174	178	R84Q	ProteinMutation	p|SUB|R|84|Q
12809638	380	396	2590_2591insCCCC	DNAMutation	|INS|2590_2591|CCCC
12809638	423	440	752_758delGCCGGCC	DNAMutation	|DEL|752_758|GCCGGCC
12809638	507	516	2566T-->C	DNAMutation	|SUB|T|2566|C
12809638	549	554	C488R	ProteinMutation	p|SUB|C|488|R
12809638	737	741	R84Q	ProteinMutation	p|SUB|R|84|Q
12752111	343	357	IVSI-5 (G-->C)	DNAMutation	c|SUB|G|IVSI-5|C
12752111	365	379	IVSI-1 (G-->A)	DNAMutation	c|SUB|G|IVSI-1|A
12752111	406	428	codon (CD)26 GAG-->GAA	DNAMutation	|SUB|GAG|CODON26|GAA
12752111	543	559	IVSI-129 (A-->C)	DNAMutation	c|SUB|A|IVSI-129|C
12750403	440	448	1631delC	DNAMutation	|DEL|1631|C
12729343	676	687	469 + 14G/C	DNAMutation	c|SUB|G|469+14|C
12729343	753	758	D543N	ProteinMutation	p|SUB|D|543|N
12729343	809	822	1729 + 55del4	DNAMutation	c|DEL|1729+55_1729+59|4
12729343	1002	1007	D543N	ProteinMutation	p|SUB|D|543|N
12673366	16	19	G/C	DNAMutation	|SUB|G||C
12673366	568	571	G/C	DNAMutation	|SUB|G||C
12673366	708	711	G/C	DNAMutation	|SUB|G||C
12673366	944	947	G/C	DNAMutation	|SUB|G||C
12673366	1077	1080	G/C	DNAMutation	|SUB|G||C
12673366	1586	1589	G/C	DNAMutation	|SUB|G||C
12653841	1130	1138	1936delG	DNAMutation	|DEL|1936|G
12653841	1236	1244	1195delC	DNAMutation	|DEL|1195|C
12653841	1260	1267	878delA	DNAMutation	|DEL|878|A
12653841	1315	1323	1936delG	DNAMutation	|DEL|1936|G
