21738389	A	1323	1332	c.737delC	DNAMutation	c|DEL|737|C
21738389	A	1386	1402	p.Pro246HisfsX13	ProteinMutation	p|FS|P|246|H|13
22051099	A	327	336	rs2234671	SNP	rs2234671
22051099	A	349	359	Ex2+860G>C	DNAMutation	c|SUB|G|Ex2+860|C
22051099	A	425	430	S276T	ProteinMutation	p|SUB|S|276|T
22051099	A	751	760	rs2234671	SNP	rs2234671
22051099	A	972	981	rs2234671	SNP	rs2234671
22188495	A	1031	1038	3190C>T	DNAMutation	g|SUB|C|3190|T
22188495	A	1160	1169	Arg987Ter	ProteinMutation	p|SUB|R|987|X
22188495	A	1287	1296	Arg987Ter	ProteinMutation	p|SUB|R|987|X
21559944	A	902	911	c.104delT	DNAMutation	c|DEL|104|T
21559944	A	957	972	p.Val35AlafsX25	ProteinMutation	p|FS|V|35|A|25
21798259	A	1185	1192	rs16754	SNP	rs16754
21798259	A	1472	1479	rs16754	SNP	rs16754
21897748	A	1065	1073	c.130G>A	DNAMutation	c|SUB|G|130|A
21897748	A	1342	1350	c.130G>A	DNAMutation	c|SUB|G|130|A
21897748	A	1458	1464	p.V44M	ProteinMutation	p|SUB|V|44|M
21757944	A	818	833	IVSII-1 (G > A)	DNAMutation	c|SUB|G|IVS2-1|A
21757944	A	874	889	IVSII-1 (G > A)	DNAMutation	c|SUB|G|IVS2-1|A
21757944	A	1045	1061	CD +90 del 13 bp	DNAMutation	c|DEL|CD+90|13
22129472	A	579	591	c.1706-2 A>T	DNAMutation	c|SUB|A|1706-2|T
22129472	A	847	872	c.1706-1715del.ATCTCCTCAG	DNAMutation	c|DEL|1706_1715|ATCTCCTCAG
22129472	A	1071	1089	p.(Asp569Valfs*93)	ProteinMutation	p|FS|D|569|V|93
21682595	T	6	15	Arg399Gln	ProteinMutationp|SUB|R|399|Q
21682595	A	256	265	Arg399Gln	ProteinMutation	p|SUB|R|399|Q
21682595	A	267	274	rs25487	SNP	rs25487
21682595	A	359	368	Arg399Gln	ProteinMutation	p|SUB|R|399|Q
21682595	A	919	928	Arg399Gln	ProteinMutation	p|SUB|R|399|Q
21682595	A	1561	1570	Arg399Gln	ProteinMutation	p|SUB|R|399|Q
20648600	A	1019	1024	L180M	ProteinMutation	p|SUB|L|180|M
20648600	A	1029	1034	M204V	ProteinMutation	p|SUB|M|204|V
20648600	A	1130	1135	V173L	ProteinMutation	p|SUB|V|173|L
20648600	A	1239	1244	V173L	ProteinMutation	p|SUB|V|173|L
20648600	A	1249	1254	L180M	ProteinMutation	p|SUB|L|180|M
20648600	A	1259	1264	M204V	ProteinMutation	p|SUB|M|204|V
20648600	A	1312	1317	E164D	ProteinMutation	p|SUB|E|164|D
20648600	A	1321	1326	I195M	ProteinMutation	p|SUB|I|195|M
20648600	A	1358	1364	A1762T	DNAMutation	g|SUB|A|1762|T
20648600	A	1366	1372	G1764A	DNAMutation	g|SUB|G|1764|A
20648600	A	1401	1407	G1896A	DNAMutation	g|SUB|G|1896|A
20648600	A	1409	1415	G1899A	DNAMutation	g|SUB|G|1899|A
20846357	A	374	384	p.Asp50Asn	ProteinMutation	p|SUB|D|50|N
20846357	A	1712	1720	c.263C>T	DNAMutation	c|SUB|C|263|T
20846357	A	1797	1807	p.Ala88Val	ProteinMutation	p|SUB|A|88|V
20846357	A	1903	1911	c.263C>T	DNAMutation	c|SUB|C|263|T
20846357	A	1913	1923	p.Ala88Val	ProteinMutation	p|SUB|A|88|V
21325775	T	47	57	Arg158 Pro	ProteinMutationp|SUB|R|158|P
21108633	A	751	759	c.69delC	DNAMutation	c|DEL|69|C
21108633	A	832	843	c.410+5 G/A	DNAMutation	c|SUB|G|410+5|A
21099701	A	741	749	c.908G>A	DNAMutation	c|SUB|G|908|A
21099701	A	891	896	G303E	ProteinMutation	p|SUB|G|303|E
20738799	A	577	580	T>C	DNAMutation	|SUB|T||C
20738799	A	617	622	I597T	ProteinMutation	p|SUB|I|597|T
20801104	A	600	607	-616C/G	DNAMutation	c|SUB|C|-616|G
20801104	A	613	620	-521C/T	DNAMutation	c|SUB|C|-521|T
20801104	A	914	923	-1240 L/S	ProteinMutation	p|SUB|L|-1240|S
20801104	A	1014	1022	-521 C/T	DNAMutation	c|SUB|C|-521|T
20801104	A	1209	1217	-521 C/T	DNAMutation	c|SUB|C|-521|T
21135151	T	14	21	delta32	DNAMutation|DEL||32
21070631	T	27	35	-1021C/T	DNAMutationc|SUB|C|-1021|T
21070631	A	400	409	rs1611115	SNP	rs1611115
21070631	A	1261	1270	rs1800587	SNP	rs1800587
21405999	A	1077	1085	c.-17T>C	DNAMutation	c|SUB|T|-17|C
21405999	A	1087	1095	c.171T>C	DNAMutation	c|SUB|T|171|C
21405999	A	1097	1105	c.465G>T	DNAMutation	c|SUB|G|465|T
21405999	A	1144	1152	c.465G>T	DNAMutation	c|SUB|G|465|T
21405999	A	1201	1212	p.Glu155Asp	ProteinMutation	p|SUB|E|155|D
20709368	T	21	29	10034C>T	DNAMutation|SUB|C|10034|T
20709368	A	493	501	10034C>T	DNAMutation	|SUB|C|10034|T
20709368	A	503	512	rs2066865	SNP	rs2066865
20709368	A	1337	1345	10034C>T	DNAMutation	|SUB|C|10034|T
21493871	A	1072	1080	rs525549	SNP	rs525549
21493871	A	1085	1094	rs6589664	SNP	rs6589664
21493871	A	1125	1134	rs5758222	SNP	rs5758222
21493871	A	1136	1145	rs7286979	SNP	rs7286979
21493871	A	1151	1158	rs20551	SNP	rs20551
21493871	A	1520	1529	rs6589664	SNP	rs6589664
20801540	A	557	568	c.2554+1G>T	DNAMutation	c|SUB|G|2554+1|T
20512659	A	722	741	c.2515_2519delAAGTT	DNAMutation	c|DEL|2515_2519|AAGTT
20454699	A	1285	1293	c.356G>A	DNAMutation	c|SUB|G|356|A
20454699	A	1330	1335	C119Y	ProteinMutation	p|SUB|C|119|Y
20454699	A	1609	1616	rs13267	SNP	rs13267
20454699	A	1824	1829	C119Y	ProteinMutation	p|SUB|C|119|Y
20367983	A	550	565	c.1546_1547insC	DNAMutation	c|INS|1546_1547|C
20367983	A	769	783	IVS3 + 18C > T	DNAMutation	c|SUB|C|IVS3+18|T
20367983	A	980	994	IVS3 + 18C > T	DNAMutation	c|SUB|C|IVS3+18|T
20335448	A	988	1023	(G-->A) at nucleotide position 2141	DNAMutation	c|SUB|G|2141|A
20331852	A	686	695	rs4112788	SNP	rs4112788
20331852	A	989	998	rs4112788	SNP	rs4112788
20331852	A	1381	1385	R68C	ProteinMutation	p|SUB|R|68|C
20154289	A	621	638	codon 104 G --> A	DNAMutation	|SUB|G|CODON104|A
20080916	A	674	683	rs2070197	SNP	rs2070197
20080916	A	756	765	rs2004640	SNP	rs2004640
20080916	A	770	780	rs10954213	SNP	rs10954213
20080916	A	821	831	rs10954213	SNP	rs10954213
20080916	A	1010	1020	rs10954213	SNP	rs10954213
20019594	A	1029	1036	p.E180K	ProteinMutation	p|SUB|E|180|K
20019594	A	1038	1045	p.R194S	ProteinMutation	p|SUB|R|194|S
20019594	A	1051	1058	p.C152G	ProteinMutation	p|SUB|C|152|G
20019594	A	1152	1164	p.D157fsX158	ProteinMutation	p|FS|D|157||158
20019594	A	1169	1181	p.S173fsX174	ProteinMutation	p|FS|S|173||174
19881468	T	6	15	Ser326Cys	ProteinMutationp|SUB|S|326|C
19881468	A	230	239	rs1052133	SNP	rs1052133
19881468	A	468	477	rs1052133	SNP	rs1052133
19881468	A	1453	1462	rs1052133	SNP	rs1052133
19823838	A	607	616	c.263 G>C	DNAMutation	c|SUB|G|263|C
19823838	A	690	699	c.264 C>A	DNAMutation	c|SUB|C|264|A
19781362	A	604	638	G>A substitution at nucleotide 893	DNAMutation	c|SUB|G|893|A
19781362	A	640	645	R298Q	ProteinMutation	p|SUB|R|298|Q
19781362	A	715	725	rs16864880	SNP	rs16864880
19624485	A	286	293	rs16375	SNP	rs16375
19565319	A	825	834	rs2236624	SNP	rs2236624
19565319	A	900	909	rs3761422	SNP	rs3761422
19565319	A	911	920	rs5751876	SNP	rs5751876
19565319	A	925	935	rs35320474	SNP	rs35320474
19429592	A	854	862	c.507G>T	DNAMutation	c|SUB|G|507|T
19429592	A	864	874	p.E169stop	ProteinMutation	p|SUB|E|169|X
19429592	A	877	885	c.867G>T	DNAMutation	c|SUB|G|867|T
19429592	A	887	897	p.G289stop	ProteinMutation	p|SUB|G|289|X
19429592	A	900	908	c.897G>T	DNAMutation	c|SUB|G|897|T
19429592	A	910	920	p.E299stop	ProteinMutation	p|SUB|E|299|X
19429592	A	967	982	c.1558-1559insA	DNAMutation	c|INS|1558_1559|A
19429592	A	984	1000	p.S522fs 525stop	ProteinMutation	p|FS|S|522||525
19223935	A	962	968	G-669A	DNAMutation	c|SUB|G|-669|A
19223935	A	1541	1552	Leu203fsX15	ProteinMutation	p|FS|L|203||15
19223935	A	1617	1623	Glu98X	ProteinMutation	p|SUB|E|98|X
19223935	A	1683	1692	Ser863Asn	ProteinMutation	p|SUB|S|863|N
19067809	A	722	730	A 11666C	DNAMutation	|SUB|A|11666|C
19067809	A	1023	1030	A 1166C	DNAMutation	|SUB|A|1166|C
19067809	A	1636	1643	A 1166C	DNAMutation	|SUB|A|1166|C
18945288	T	0	5	R58fs	ProteinMutationp|FS|R|58||
18945288	A	1234	1243	c.342delA	DNAMutation	c|DEL|342|A
18945288	A	1322	1331	p.Arg58fs	ProteinMutation	p|FS|R|58||
18945288	A	1335	1342	p.R58fs	ProteinMutation	p|FS|R|58||
18945288	A	1479	1484	R58fs	ProteinMutation	p|FS|R|58||
18694509	A	1541	1551	rs12329760	SNP	rs12329760
18672102	A	623	629	46delS	DNAMutation	|DEL|46|S
18672102	A	663	674	118-119insA	DNAMutation	|INS|118_119|A
18672102	A	679	691	125-126insAA	DNAMutation	|INS|125_126|AA
18672102	A	728	731	A6V	ProteinMutation	p|SUB|A|6|V
18672102	A	733	738	P163S	ProteinMutation	p|SUB|P|163|S
18672102	A	740	745	E359K	ProteinMutation	p|SUB|E|359|K
18672102	A	747	752	P407Q	ProteinMutation	p|SUB|P|407|Q
18672102	A	754	759	S429T	ProteinMutation	p|SUB|S|429|T
18672102	A	764	769	A442V	ProteinMutation	p|SUB|A|442|V
18672102	A	954	959	E359K	ProteinMutation	p|SUB|E|359|K
18672102	A	1088	1101	c.1146+25insA	DNAMutation	c|INS|1146+25|A
18606230	A	652	658	Y1854X	ProteinMutation	p|SUB|Y|1854|X
18606230	A	818	824	R1858X	ProteinMutation	p|SUB|R|1858|X
18606230	A	878	884	Y1854X	ProteinMutation	p|SUB|Y|1854|X
18492086	A	1088	1099	c.2068-4T>A	DNAMutation	c|SUB|T|2068-4|A
18397285	T	0	6	L1503R	ProteinMutationp|SUB|L|1503|R
18397285	A	501	538	T-->G transversion at nucleotide 4508	DNAMutation	c|SUB|T|4508|G
18397285	A	573	579	L1503R	ProteinMutation	p|SUB|L|1503|R
18397285	A	1194	1200	L1503R	ProteinMutation	p|SUB|L|1503|R
18397285	A	1329	1335	L1503Q	ProteinMutation	p|SUB|L|1503|Q
18397285	A	1455	1461	L1503R	ProteinMutation	p|SUB|L|1503|R
18372165	A	1247	1256	c.520delC	DNAMutation	c|DEL|520|C
18372165	A	1258	1267	c.681dupA	DNAMutation	c|DUP|681|A|
18372165	A	1269	1278	c.956delC	DNAMutation	c|DEL|956|C
18372165	A	1319	1329	c.360+1G>C	DNAMutation	c|SUB|G|360+1|C
18372165	A	1331	1341	c.899+1G>T	DNAMutation	c|SUB|G|899+1|T
18372165	A	1343	1354	c.1570+2T>C	DNAMutation	c|SUB|T|1570+2|C
18372165	A	1409	1418	p.Arg153X	ProteinMutation	p|SUB|R|153|X
18372165	A	1488	1498	c.360+1G>C	DNAMutation	c|SUB|G|360+1|C
18189233	A	720	725	R462Q	ProteinMutation	p|SUB|R|462|Q
18189233	A	730	735	D541E	ProteinMutation	p|SUB|D|541|E
18189233	A	951	956	R462Q	ProteinMutation	p|SUB|R|462|Q
18189233	A	961	966	D541E	ProteinMutation	p|SUB|D|541|E
18189233	A	1053	1058	K294E	ProteinMutation	p|SUB|K|294|E
18189233	A	1418	1442	A/G transition -1,071 bp	DNAMutation	c|SUB|A|-1071|G
18166824	A	950	954	P29S	ProteinMutation	p|SUB|P|29|S
18166824	A	1224	1229	M200V	ProteinMutation	p|SUB|M|200|V
19276632	A	1093	1108	c.97GCC[9]+[10]	DNAMutation	c|DUP|97|GCC|9-10
19276632	A	1160	1166	25*G>A	DNAMutation	c|SUB|G|*25|A
19276632	A	1234	1242	c.262G>A	DNAMutation	c|SUB|G|262|A
19276632	A	1280	1288	Ala88Thr	ProteinMutation	p|SUB|A|88|T
19276632	A	1366	1375	c.1272C>T	DNAMutation	c|SUB|C|1272|T
19276632	A	1377	1386	Ser424Ser	ProteinMutation	p|SUB|S|424|S
19276632	A	1392	1401	c.1284T>C	DNAMutation	c|SUB|T|1284|C
19276632	A	1403	1412	Tyr428Tyr	ProteinMutation	p|SUB|Y|428|Y
17968299	A	491	494	G/A	DNAMutation	|SUB|G||A
17968299	A	706	716	-1082(G/A)	DNAMutation	c|SUB|G|-1082|A
17961316	T	47	56	IVS1-1G>C	DNAMutationc|SUB|G|IVS1-1|C
17961316	A	225	236	IVS1-1G > C	DNAMutation	c|SUB|G|IVS1-1|C
17961316	A	688	693	G > C	DNAMutation	|SUB|G||C
17961316	A	942	953	IVS1-1G > A	DNAMutation	c|SUB|G|IVS1-1|A
17961316	A	957	968	IVS1-1G > C	DNAMutation	c|SUB|G|IVS1-1|C
17961316	A	1218	1229	IVS1-1G > C	DNAMutation	c|SUB|G|IVS1-1|C
17935240	A	68	90	g.ORF15 + 652-653delAG	DNAMutation	g|DEL|ORF15+652_653|AG
17935240	A	740	762	g.ORF15 + 652-653delAG	DNAMutation	g|DEL|ORF15+652_653|AG
17909797	A	263	270	Delta32	DNAMutation	|DEL||32
17909797	A	845	852	Delta32	DNAMutation	|DEL||32
17909797	A	1134	1141	Delta32	DNAMutation	|DEL||32
17909797	A	1553	1560	Delta32	DNAMutation	|DEL||32
17395743	A	822	831	rs2720709	SNP	rs2720709
17395743	A	1265	1274	rs2720709	SNP	rs2720709
17395743	A	1409	1418	rs2648875	SNP	rs2648875
17391797	T	54	59	V175M	ProteinMutationp|SUB|V|175|M
17391797	A	306	315	Val175Met	ProteinMutation	p|SUB|V|175|M
17391797	A	531	540	Val175Met	ProteinMutation	p|SUB|V|175|M
17391797	A	806	815	Val175Met	ProteinMutation	p|SUB|V|175|M
17391797	A	951	960	Val175Met	ProteinMutation	p|SUB|V|175|M
17391797	A	1208	1217	Val175Met	ProteinMutation	p|SUB|V|175|M
17391797	A	1278	1287	Val175Met	ProteinMutation	p|SUB|V|175|M
17391797	A	1461	1470	Val175Met	ProteinMutation	p|SUB|V|175|M
17292585	A	773	778	A149P	ProteinMutation	p|SUB|A|149|P
17292585	A	780	785	A174D	ProteinMutation	p|SUB|A|174|D
17292585	A	791	796	N334K	ProteinMutation	p|SUB|N|334|K
17166870	A	491	496	6bINS	DNAMutation	|INS||6
17166870	A	642	647	6bINS	DNAMutation	|INS||6
17166870	A	1119	1124	6bINS	DNAMutation	|INS||6
17166870	A	1418	1423	6bINS	DNAMutation	|INS||6
17166870	A	1552	1557	6bINS	DNAMutation	|INS||6
17079875	A	1220	1228	-2084G>C	DNAMutation	c|SUB|G|-2084|C
17079875	A	1233	1241	-1282G>A	DNAMutation	c|SUB|G|-1282|A
17059986	A	754	765	p.Ser555Leu	ProteinMutation	p|SUB|S|555|L
17059986	A	846	857	c.2633+1G>C	DNAMutation	c|SUB|G|2633+1|C
17059986	A	1074	1085	c.2633+1G>C	DNAMutation	c|SUB|G|2633+1|C
17059986	A	1183	1197	r.2521_2634del	DNAMutation	r|DEL|2521_2634|
17033974	A	823	834	c.2406C-->A	DNAMutation	c|SUB|C|2406|A
17003357	A	359	366	1858C/T	DNAMutation	|SUB|C|1858|T
17003357	A	907	914	2250G/C	DNAMutation	|SUB|G|2250|C
17003357	A	1216	1223	1858C/T	DNAMutation	|SUB|C|1858|T
16728705	A	636	645	-863C > A	DNAMutation	c|SUB|C|-863|A
16728705	A	1607	1642	C > A substitution at position -863	DNAMutation	c|SUB|C|-863|A
16728705	A	1765	1774	-863C > A	DNAMutation	c|SUB|C|-863|A
16644711	T	13	23	Tyr1306Cys	ProteinMutationp|SUB|Y|1306|C
16644711	A	1052	1062	Tyr1306Cys	ProteinMutation	p|SUB|Y|1306|C
16644711	A	1328	1338	Tyr1306Cys	ProteinMutation	p|SUB|Y|1306|C
16543197	T	2	8	G1103R	ProteinMutationp|SUB|G|1103|R
16543197	A	791	797	G1103R	ProteinMutation	p|SUB|G|1103|R
16525586	A	760	770	c.210T > G	DNAMutation	c|SUB|T|210|G
16525586	A	823	829	Tyr69X	ProteinMutation	p|SUB|Y|69|X
16525586	A	928	938	c.791C > T	DNAMutation	c|SUB|C|791|T
16525586	A	963	972	Ser263Phe	ProteinMutation	p|SUB|S|263|F
16525586	A	1004	1017	c.2045-1G > A	DNAMutation	c|SUB|G|2045-1|A
16525586	A	1219	1232	c.892_895dupG	DNAMutation	c|DUP|892_895|G|
16525586	A	1244	1259	Ser290/Ala291fs	ProteinMutation	p|FS|S,A|290,291||
16525586	A	1342	1357	c.1642_1644dupA	DNAMutation	c|DUP|1642_1644|A|
16525586	A	1371	1379	Tyr547fs	ProteinMutation	p|FS|Y|547||
16525586	A	1463	1472	Arg260His	ProteinMutation	p|SUB|R|260|H
16525586	A	1474	1483	Ser413Leu	ProteinMutation	p|SUB|S|413|L
16525586	A	1489	1498	Val414Phe	ProteinMutation	p|SUB|V|414|F
16256386	A	659	664	R243Q	ProteinMutation	p|SUB|R|243|Q
16256386	A	666	675	EX6-96A>G	DNAMutation	c|SUB|A|EX6-96|G
16256386	A	677	682	R111X	ProteinMutation	p|SUB|R|111|X
16256386	A	684	689	Y356X	ProteinMutation	p|SUB|Y|356|X
16256386	A	695	700	R413P	ProteinMutation	p|SUB|R|413|P
16256386	A	860	868	I38fsX19	ProteinMutation	p|FS|I|38||19
16256386	A	870	879	IVS4+3G>C	DNAMutation	c|SUB|G|IVS4+3|C
16256386	A	881	886	Y154H	ProteinMutation	p|SUB|Y|154|H
16256386	A	888	893	R157K	ProteinMutation	p|SUB|R|157|K
16256386	A	895	900	R157I	ProteinMutation	p|SUB|R|157|I
16256386	A	902	910	T200fsX6	ProteinMutation	p|FS|T|200||6
16256386	A	912	917	Q267H	ProteinMutation	p|SUB|Q|267|H
16256386	A	919	924	Q267E	ProteinMutation	p|SUB|Q|267|E
16256386	A	926	935	F302fsX39	ProteinMutation	p|FS|F|302||39
16256386	A	937	942	G346R	ProteinMutation	p|SUB|G|346|R
16256386	A	944	949	S349A	ProteinMutation	p|SUB|S|349|A
16256386	A	951	956	L367L	ProteinMutation	p|SUB|L|367|L
16256386	A	958	963	R400K	ProteinMutation	p|SUB|R|400|K
16256386	A	965	975	IVS12+4A>G	DNAMutation	c|SUB|A|IVS12+4|G
16256386	A	981	991	IVS12+6T>A	DNAMutation	c|SUB|T|IVS12+6|A
16252083	A	674	708	A --> G transition at 127 position	DNAMutation	|SUB|A|CODON127|G
16252083	A	722	759	Asn --> Ser substitution at codon 127	ProteinMutation	p|SUB|N|127|S
16252083	A	765	774	Asn127Ser	ProteinMutation	p|SUB|N|127|S
16252083	A	795	830	G --> A transition at 1032 position	DNAMutation	g|SUB|G|1032|A
16252083	A	846	877	Gly --> Asp change at codon 322	ProteinMutation	p|SUB|G|322|D
16252083	A	883	892	Gly322Asp	ProteinMutation	p|SUB|G|322|D
16252083	A	1410	1419	Gly322Asp	ProteinMutation	p|SUB|G|322|D
16252083	A	1565	1574	Gly322Asp	ProteinMutation	p|SUB|G|322|D
16186368	A	874	879	S482X	ProteinMutation	p|SUB|S|482|X
16186368	A	884	889	K386T	ProteinMutation	p|SUB|K|386|T
16181814	A	807	815	E873stop	ProteinMutation	p|SUB|E|873|X
16181814	A	816	821	A467T	ProteinMutation	p|SUB|A|467|T
16181814	A	827	835	E873stop	ProteinMutation	p|SUB|E|873|X
16181814	A	906	911	A467T	ProteinMutation	p|SUB|A|467|T
16181814	A	1039	1047	E873-TAG	ProteinMutation	p|SUB|E|873|X
16181814	A	1422	1427	A467T	ProteinMutation	p|SUB|A|467|T
16181814	A	1468	1476	E873stop	ProteinMutation	p|SUB|E|873|X
16181814	A	1575	1580	A467T	ProteinMutation	p|SUB|A|467|T
16181814	A	1689	1694	A467T	ProteinMutation	p|SUB|A|467|T
16181814	A	1756	1764	E873stop	ProteinMutation	p|SUB|E|873|X
16143638	A	964	978	IVS2-58_55insT	DNAMutation	c|INS|IVS2-58_55|T
16088915	A	764	773	Arg792Gly	ProteinMutation	p|SUB|R|792|G
16088915	A	861	870	Arg792Gly	ProteinMutation	p|SUB|R|792|G
16051693	A	517	522	V175M	ProteinMutation	p|SUB|V|175|M
16051693	A	537	542	V175M	ProteinMutation	p|SUB|V|175|M
16051693	A	698	703	V175M	ProteinMutation	p|SUB|V|175|M
16051693	A	919	924	V175M	ProteinMutation	p|SUB|V|175|M
16001362	A	858	863	C-->T	DNAMutation	|SUB|C||T
15983230	A	762	768	rs5393	SNP	rs5393
15880727	A	679	686	p.A150P	ProteinMutation	p|SUB|A|150|P
15880727	A	694	701	p.A175D	ProteinMutation	p|SUB|A|175|D
15880727	A	712	719	p.N335K	ProteinMutation	p|SUB|N|335|K
15880727	A	775	791	c.360_363delCAAA	DNAMutation	c|DEL|360_363|CAAA
15880727	A	793	799	p.R60X	ProteinMutation	p|SUB|R|60|X
15880727	A	801	808	p.Y204X	ProteinMutation	p|SUB|Y|204|X
15880727	A	814	823	c.865delC	DNAMutation	c|DEL|865|C
15880727	A	915	943	c.1044_1049delTTCTGGinsACACT	DNAMutation	c|INDEL|1044_1049|ACACT
15880727	A	967	981	c.345_372del28	DNAMutation	c|DEL|345_372|28
15880727	A	983	997	c.841_842delAC	DNAMutation	c|DEL|841_842|AC
15880727	A	1027	1037	c.113-1G>A	DNAMutation	c|SUB|G|113-1|A
15880727	A	1039	1049	c.799+2T>A	DNAMutation	c|SUB|T|799+2|A
15880727	A	1075	1083	c.612T>G	DNAMutation	c|SUB|T|612|G
15880727	A	1085	1092	p.Y204X	ProteinMutation	p|SUB|Y|204|X
15880727	A	1124	1132	c.532T>C	DNAMutation	c|SUB|T|532|C
15880727	A	1134	1141	p.C178R	ProteinMutation	p|SUB|C|178|R
15880727	A	1144	1152	c.851T>C	DNAMutation	c|SUB|T|851|C
15880727	A	1154	1161	p.L284P	ProteinMutation	p|SUB|L|284|P
15867855	A	870	879	rs2277025	SNP	rs2277025
15867855	A	917	929	157delMTTTVP	ProteinMutation	p|DEL|157|MTTTVP
15867855	A	1301	1313	157delMTTTVP	ProteinMutation	p|DEL|157|MTTTVP
15834874	A	874	879	G529A	DNAMutation	|SUB|G|529|A
15834874	A	895	900	C934A	DNAMutation	|SUB|C|934|A
15834874	A	916	922	A1053G	DNAMutation	|SUB|A|1053|G
15834874	A	938	946	G1915T/A	DNAMutation	|SUB|G|1915|T,A
15834874	A	962	970	T2005C/A	DNAMutation	|SUB|T|2005|C,A
15834874	A	990	996	C3026T	DNAMutation	|SUB|C|3026|T
15824163	A	892	901	rs1639679	SNP	rs1639679
15820770	A	335	344	GAT-->GAG	DNAMutation	|SUB|GAT||GAG
15820770	A	416	451	ACG-->AAG substitution in codon 420	DNAMutation	|SUB|ACG|CODON420|AAG
15770495	A	686	691	G183S	ProteinMutation	p|SUB|G|183|S
15770495	A	702	707	R246W	ProteinMutation	p|SUB|R|246|W
15770495	A	718	725	del642T	DNAMutation	c|DEL|642|T
15770495	A	736	741	G196S	ProteinMutation	p|SUB|G|196|S
15770495	A	756	767	217_218insC	DNAMutation	c|INS|217_218|C
15770495	A	777	781	A49T	ProteinMutation	p|SUB|A|49|T
15770495	A	860	865	Q126R	ProteinMutation	p|SUB|Q|126|R
15770495	A	866	875	IVS3+1G>A	DNAMutation	c|SUB|G|IVS3+1|A
15770495	A	886	891	Q126R	ProteinMutation	p|SUB|Q|126|R
15770495	A	892	899	del418T	DNAMutation	c|DEL|418|T
15770495	A	923	928	Q126R	ProteinMutation	p|SUB|Q|126|R
15770495	A	929	934	G158R	ProteinMutation	p|SUB|G|158|R
15770495	A	974	979	A207D	ProteinMutation	p|SUB|A|207|D
15770495	A	981	986	G196S	ProteinMutation	p|SUB|G|196|S
15770495	A	992	997	R266W	ProteinMutation	p|SUB|R|266|W
15770495	A	1017	1021	V89L	ProteinMutation	p|SUB|V|89|L
15770495	A	1083	1088	A207D	ProteinMutation	p|SUB|A|207|D
15770495	A	1150	1154	A49T	ProteinMutation	p|SUB|A|49|T
15770495	A	1349	1356	del642T	DNAMutation	c|DEL|642|T
15770495	A	1361	1366	G158R	ProteinMutation	p|SUB|G|158|R
15770495	A	1420	1429	IVS3+1G>A	DNAMutation	c|SUB|G|IVS3+1|A
15770495	A	1465	1476	217_218insC	DNAMutation	c|INS|217_218|C
15770495	A	1687	1692	G183S	ProteinMutation	p|SUB|G|183|S
15754732	A	1067	1074	222insT	DNAMutation	|INS|222|T
15754732	A	1110	1118	912delTA	DNAMutation	|DEL|912|TA
15754732	A	1152	1160	835del18	DNAMutation	|DEL|835|18
15754732	A	1197	1202	P291A	ProteinMutation	p|SUB|P|291|A
15754732	A	1249	1253	L89R	ProteinMutation	p|SUB|L|89|R
15754732	A	1290	1295	Q536X	ProteinMutation	p|SUB|Q|536|X
15754732	A	1398	1403	R171Q	ProteinMutation	p|SUB|R|171|Q
15754732	A	1440	1445	D418D	ProteinMutation	p|SUB|D|418|D
15754732	A	1460	1467	GAC/GAT	DNAMutation	|SUB|GAC||GAT
15749661	T	21	26	L490R	ProteinMutationp|SUB|L|490|R
15749661	T	31	36	V561X	ProteinMutationp|SUB|V|561|X
15749661	A	169	174	C282Y	ProteinMutation	p|SUB|C|282|Y
15749661	A	876	884	1469T->G	DNAMutation	c|SUB|T|1469|G
15749661	A	886	891	L490R	ProteinMutation	p|SUB|L|490|R
15749661	A	897	905	1665delC	DNAMutation	c|DEL|1665|C
15749661	A	907	912	V561X	ProteinMutation	p|SUB|V|561|X
15749661	A	968	973	I238M	ProteinMutation	p|SUB|I|238|M
15749661	A	1011	1016	L490R	ProteinMutation	p|SUB|L|490|R
15749661	A	1050	1055	L490R	ProteinMutation	p|SUB|L|490|R
15749661	A	1060	1065	I238M	ProteinMutation	p|SUB|I|238|M
15749661	A	1309	1314	V561X	ProteinMutation	p|SUB|V|561|X
15672026	T	20	53	A>G polymorphism at position -670	DNAMutationc|SUB|A|-670|G
15668505	A	177	182	N372H	ProteinMutation	p|SUB|N|372|H
15668505	A	381	386	N372H	ProteinMutation	p|SUB|N|372|H
15668505	A	453	461	203G > A	DNAMutation	g|SUB|G|203|A
15668505	A	1017	1022	N372H	ProteinMutation	p|SUB|N|372|H
15668505	A	1322	1327	N372H	ProteinMutation	p|SUB|N|372|H
15668505	A	1538	1543	N372H	ProteinMutation	p|SUB|N|372|H
15667541	A	801	811	g.3907G >A	DNAMutation	g|SUB|G|3907|A
15667541	A	836	848	Glu29 to Lys	ProteinMutation	p|SUB|E|29|K
15667541	A	850	854	E29K	ProteinMutation	p|SUB|E|29|K
15667541	A	880	884	E29K	ProteinMutation	p|SUB|E|29|K
15579915	A	1176	1186	IVS10 + 4G	DNAMutation	c|SUB||IVS10+4|G
15485686	A	807	839	G-->A substitution at codon 1763	DNAMutation	|SUB|G|CODON1763|A
15485686	A	1366	1372	V1764M	ProteinMutation	p|SUB|V|1764|M
15485686	A	1408	1414	I1762A	ProteinMutation	p|SUB|I|1762|A
15485686	A	1566	1572	V1763M	ProteinMutation	p|SUB|V|1763|M
15464247	A	403	411	1188-A/C	DNAMutation	g|SUB|A|1188|C
15461822	A	356	363	Delta30	DNAMutation	|DEL||30
15461822	A	573	580	Delta30	DNAMutation	|DEL||30
15461822	A	842	849	Delta30	DNAMutation	|DEL||30
15461822	A	1083	1090	Delta30	DNAMutation	|DEL||30
15461822	A	1262	1269	Delta30	DNAMutation	|DEL||30
15461822	A	1287	1294	Delta30	DNAMutation	|DEL||30
15461822	A	1445	1452	Delta30	DNAMutation	|DEL||30
15461822	A	1495	1502	Delta30	DNAMutation	|DEL||30
15461822	A	1512	1519	Delta30	DNAMutation	|DEL||30
15304120	A	1126	1131	P364L	ProteinMutation	p|SUB|P|364|L
15304120	A	1133	1143	1091 C > T	DNAMutation	c|SUB|C|1091|T
15304120	A	1177	1182	Y486D	ProteinMutation	p|SUB|Y|486|D
15304120	A	1422	1426	G71R	ProteinMutation	p|SUB|G|71|R
15304120	A	1475	1479	G71R	ProteinMutation	p|SUB|G|71|R
15304120	A	1561	1566	Y486D	ProteinMutation	p|SUB|Y|486|D
15304120	A	1576	1581	P229Q	ProteinMutation	p|SUB|P|229|Q
15304120	A	1644	1649	P364L	ProteinMutation	p|SUB|P|364|L
15304120	A	1748	1752	G71R	ProteinMutation	p|SUB|G|71|R
15304120	A	1771	1776	Y486D	ProteinMutation	p|SUB|Y|486|D
15304120	A	1841	1845	G71R	ProteinMutation	p|SUB|G|71|R
15304120	A	1913	1918	P364L	ProteinMutation	p|SUB|P|364|L
15200509	A	654	661	Tyr246X	ProteinMutation	p|SUB|Y|246|X
15086338	A	1184	1197	6573 + 1G > C	DNAMutation	c|SUB|G|6573+1|C
15086338	A	1387	1395	5504delA	DNAMutation	|DEL|5504|A
15086338	A	1778	1786	5504delA	DNAMutation	|DEL|5504|A
15086338	A	1871	1884	6573 + 1G > C	DNAMutation	c|SUB|G|6573+1|C
15009222	A	1143	1151	del 329C	DNAMutation	|DEL|329|C
15009222	A	1295	1300	C435G	DNAMutation	|SUB|C|435|G
14751036	A	1049	1056	2068G>C	DNAMutation	c|SUB|G|2068|C
14751036	A	1116	1123	2068G>C	DNAMutation	c|SUB|G|2068|C
14751036	A	1326	1333	2084G>A	DNAMutation	c|SUB|G|2084|A
14751036	A	1338	1345	1780C>A	DNAMutation	c|SUB|C|1780|A
14751036	A	1460	1467	1242G>T	DNAMutation	c|SUB|G|1242|T
14751036	A	1472	1479	1780C>A	DNAMutation	c|SUB|C|1780|A
14751036	A	1594	1601	9 +1G>T	DNAMutation	c|SUB|G|9+1|T
14623369	T	4	9	C270T	DNAMutation|SUB|C|270|T
14623369	A	175	180	C270T	DNAMutation	|SUB|C|270|T
14562027	A	822	830	-1001C/T	DNAMutation	c|SUB|C|-1001|T
14562027	A	832	839	-263G/A	DNAMutation	c|SUB|G|-263|A
14562027	A	845	851	-13C/T	DNAMutation	c|SUB|C|-13|T
14562027	A	1034	1042	-1001C/T	DNAMutation	c|SUB|C|-1001|T
14562027	A	1044	1051	-263G/A	DNAMutation	c|SUB|G|-263|A
14562027	A	1053	1059	-13C/T	DNAMutation	c|SUB|C|-13|T
14562027	A	1061	1068	+142C/G	DNAMutation	c|SUB|C|+142|G
14562027	A	1074	1081	+355G/T	DNAMutation	c|SUB|G|+355|T
14562027	A	1271	1279	-1001C/T	DNAMutation	c|SUB|C|-1001|T
14562027	A	1281	1288	-263G/A	DNAMutation	c|SUB|G|-263|A
14562027	A	1290	1296	-13C/T	DNAMutation	c|SUB|C|-13|T
14562027	A	1298	1305	+142C/G	DNAMutation	c|SUB|C|+142|G
14562027	A	1311	1318	+355G/T	DNAMutation	c|SUB|G|+355|T
14508191	A	692	698	T/C704	DNAMutation	c|SUB|T|704|C
14508191	A	734	741	A/C1166	DNAMutation	c|SUB|A|1166|C
14508191	A	774	781	T/C-344	DNAMutation	c|SUB|T|-344|C
14508191	A	1220	1226	T/C704	DNAMutation	c|SUB|T|704|C
14508191	A	1248	1255	A/C1166	DNAMutation	c|SUB|A|1166|C
14508191	A	1281	1288	T/C-344	DNAMutation	c|SUB|T|-344|C
14508191	A	1547	1553	T/C704	DNAMutation	c|SUB|T|704|C
14508191	A	1572	1579	T/C-344	DNAMutation	c|SUB|T|-344|C
14508191	A	1600	1607	A/C1166	DNAMutation	c|SUB|A|1166|C
12925671	A	919	932	C877T in cDNA	DNAMutation	c|SUB|C|877|T
12925671	A	969	987	620-621del in cDNA	DNAMutation	c|DEL|620_621|
12915397	A	554	573	-866 promoter (G/A)	DNAMutation	c|SUB|G|-866|A
12915397	A	600	608	Ala55Val	ProteinMutation	p|SUB|A|55|V
12915397	A	612	616	A55V	ProteinMutation	p|SUB|A|55|V
12872254	T	83	100	c.399_402del AGAG	DNAMutationc|DEL|399_402|AGAG
12872254	A	629	645	c.399_402delAGAG	DNAMutation	c|DEL|399_402|AGAG
12872254	A	1372	1388	c.399_402delAGAG	DNAMutation	c|DEL|399_402|AGAG
12872254	A	1429	1445	c.399_402delAGAG	DNAMutation	c|DEL|399_402|AGAG
12872254	A	1446	1462	c.399_402delAGAG	DNAMutation	c|DEL|399_402|AGAG
12872254	A	1784	1800	c.399_402delAGAG	DNAMutation	c|DEL|399_402|AGAG
12829659	T	41	47	G-308A	DNAMutationc|SUB|G|-308|A
12829659	T	59	65	C-174G	DNAMutationc|SUB|C|-174|G
12829659	A	359	365	G-308A	DNAMutation	c|SUB|G|-308|A
12829659	A	392	398	C-174G	DNAMutation	c|SUB|C|-174|G
12829659	A	1232	1238	G-308A	DNAMutation	c|SUB|G|-308|A
12650796	T	63	71	3020insC	DNAMutation|INS|3020|C
12650796	A	295	303	3020insC	DNAMutation	|INS|3020|C
12650796	A	990	998	3020insC	DNAMutation	|INS|3020|C
12650796	A	1156	1164	3020insC	DNAMutation	|INS|3020|C
12650796	A	1362	1370	3020insC	DNAMutation	|INS|3020|C
22016685	T	26	35	Asp506Gly	ProteinMutationp|SUB|D|506|G
22016685	A	1109	1118	c.1517A>G	DNAMutation	c|SUB|A|1517|G
22016685	A	1206	1217	p.Asp506Gly	ProteinMutation	p|SUB|D|506|G
22016685	A	1254	1263	Asp506Gly	ProteinMutation	p|SUB|D|506|G
21850008	A	727	733	A3243G	DNAMutation	m|SUB|A|3243|G
21850008	A	856	863	G13513A	DNAMutation	m|SUB|G|13513|A
21850008	A	909	916	T10191C	DNAMutation	m|SUB|T|10191|C
21850008	A	918	924	p.S45P	ProteinMutation	p|SUB|S|45|P
21850008	A	934	941	A11470C	DNAMutation	m|SUB|A|11470|C
21850008	A	943	951	p. K237N	ProteinMutation	p|SUB|K|237|N
21850008	A	961	968	T13046C	DNAMutation	m|SUB|T|13046|C
21850008	A	970	977	p.M237T	ProteinMutation	p|SUB|M|237|T
21850008	A	1124	1131	A11470C	DNAMutation	m|SUB|A|11470|C
21850008	A	1133	1140	T13046C	DNAMutation	m|SUB|T|13046|C
22104738	A	466	474	c.920T>G	DNAMutation	c|SUB|T|920|G
22104738	A	476	487	p.Leu307Arg	ProteinMutation	p|SUB|L|307|R
22104738	A	619	627	c.920T>G	DNAMutation	c|SUB|T|920|G
21499297	A	1547	1550	C>T	DNAMutation	|SUB|C||T
21499297	A	1552	1561	rs2297882	SNP	rs2297882
21695597	A	891	900	rs9271366	SNP	rs9271366
21695597	A	1025	1033	rs204890	SNP	rs204890
21695597	A	1065	1074	rs2071349	SNP	rs2071349
21695597	A	1110	1119	rs2844580	SNP	rs2844580
21695597	A	1196	1205	rs9271366	SNP	rs9271366
21695597	A	1576	1585	rs9271366	SNP	rs9271366
22048266	A	804	812	rs461155	SNP	rs461155
22048266	A	900	909	rs2073601	SNP	rs2073601
22048266	A	910	919	rs2073416	SNP	rs2073416
22048266	A	1215	1224	rs2073601	SNP	rs2073601
22028770	T	49	57	-491 A/T	DNAMutationc|SUB|A|-491|T
22028770	A	745	752	-491A/T	DNAMutation	c|SUB|A|-491|T
22028770	A	754	762	rs449647	SNP	rs449647
22028770	A	857	868	-491 A to T	DNAMutation	c|SUB|A|-491|T
22028770	A	1553	1560	-491A/T	DNAMutation	c|SUB|A|-491|T
22028770	A	1748	1755	-491A/T	DNAMutation	c|SUB|A|-491|T
22028770	A	1757	1764	-219G/T	DNAMutation	c|SUB|G|-219|T
22028770	A	1766	1774	rs405509	SNP	rs405509
22028770	A	1781	1788	+113G/C	DNAMutation	c|SUB|G|+113|C
22028770	A	1790	1798	rs440446	SNP	rs440446
22028770	A	2011	2018	-491A/T	DNAMutation	c|SUB|A|-491|T
21904390	A	1245	1255	c.357-3C>G	DNAMutation	c|SUB|C|357-3|G
21904390	A	1257	1268	p.Ser119fsX	ProteinMutation	p|FS|S|119||
21904390	A	1345	1353	c.643T>C	DNAMutation	c|SUB|T|643|C
21904390	A	1355	1362	p.S216P	ProteinMutation	p|SUB|S|216|P
21904390	A	1434	1441	p.S216P	ProteinMutation	p|SUB|S|216|P
21496008	A	524	537	c.304ins(GCG)	DNAMutation	c|INS|304|GCG
21496008	A	563	575	c.429_452dup	DNAMutation	c|DUP|429_452||
21496008	A	577	584	dup24bp	DNAMutation	|DUP||24|
21496008	A	971	978	dup24bp	DNAMutation	|DUP||24|
21496008	A	1016	1023	dup24bp	DNAMutation	|DUP||24|
21496008	A	1045	1052	dup27bp	DNAMutation	|DUP||27|
21496008	A	1054	1061	dup33bp	DNAMutation	|DUP||33|
21496008	A	1147	1156	c.1074G>T	DNAMutation	c|SUB|G|1074|T
21976953	A	1018	1027	c.3703T>C	DNAMutation	c|SUB|T|3703|C
21976953	A	1154	1162	p.S1235P	ProteinMutation	p|SUB|S|1235|P
21976953	A	1540	1548	p.S1235P	ProteinMutation	p|SUB|S|1235|P
21799811	T	22	29	677 C>T	DNAMutation|SUB|C|677|T
21799811	A	360	366	677C>T	DNAMutation	|SUB|C|677|T
21799811	A	938	944	677C>T	DNAMutation	|SUB|C|677|T
21799811	A	1639	1645	677C>T	DNAMutation	|SUB|C|677|T
21799811	A	1708	1714	677C>T	DNAMutation	|SUB|C|677|T
21879313	T	9	18	rs8099917	SNPrs8099917
21879313	A	1047	1056	rs8099917	SNP	rs8099917
21879313	A	1425	1434	rs8099917	SNP	rs8099917
21879313	A	1905	1914	rs8099917	SNP	rs8099917
20854438	A	1233	1237	G86R	ProteinMutation	p|SUB|G|86|R
20854438	A	1496	1500	G86R	ProteinMutation	p|SUB|G|86|R
20854438	A	1689	1693	G86R	ProteinMutation	p|SUB|G|86|R
20887110	A	471	505	C-->T transition at nucleotide 677	DNAMutation	|SUB|C|677|T
20887110	A	780	789	677 C-->T	DNAMutation	|SUB|C|677|T
20887110	A	1165	1170	C677T	DNAMutation	|SUB|C|677|T
20887110	A	1443	1452	677 C-->T	DNAMutation	|SUB|C|677|T
20602574	A	1238	1244	T-189C	DNAMutation	c|SUB|T|-189|C
20602574	A	1321	1327	G-218C	DNAMutation	c|SUB|G|-218|C
20602574	A	1332	1338	T-189C	DNAMutation	c|SUB|T|-189|C
21080147	A	1203	1211	c.973G>A	DNAMutation	c|SUB|G|973|A
21080147	A	1307	1312	E325K	ProteinMutation	p|SUB|E|325|K
20708777	A	791	800	rs1799998	SNP	rs1799998
20708777	A	802	809	C-344 T	DNAMutation	c|SUB|C|-344|T
20708777	A	833	839	rs4539	SNP	rs4539
20708777	A	841	847	A2718G	DNAMutation	c|SUB|A|2718|G
20708777	A	868	874	rs6410	SNP	rs6410
20708777	A	876	882	G22 5A	DNAMutation	c|SUB|G|225|A
20708777	A	885	891	rs6387	SNP	rs6387
20708777	A	893	899	A2803G	DNAMutation	c|SUB|A|2803|G
20708777	A	1232	1238	rs4539	SNP	rs4539
20708777	A	1763	1769	rs4539	SNP	rs4539
20806042	A	647	657	c.592C-->T	DNAMutation	c|SUB|C|592|T
20806042	A	858	865	p.R198W	ProteinMutation	p|SUB|R|198|W
20806042	A	1071	1078	p.R198W	ProteinMutation	p|SUB|R|198|W
20949073	A	575	580	E831X	ProteinMutation	p|SUB|E|831|X
20949073	A	591	598	2623G>T	DNAMutation	|SUB|G|2623|T
20534762	A	1066	1073	313delT	DNAMutation	c|DEL|313|T
20534762	A	1075	1086	C105Vfs114X	ProteinMutation	p|FS|C|105|V|114
20534762	A	1209	1213	C88Y	ProteinMutation	p|SUB|C|88|Y
20534762	A	1383	1387	C88Y	ProteinMutation	p|SUB|C|88|Y
20534762	A	1519	1523	C88Y	ProteinMutation	p|SUB|C|88|Y
20529581	A	1150	1160	c.899A > T	DNAMutation	c|SUB|A|899|T
20529581	A	1421	1432	Asp 300 Val	ProteinMutation	p|SUB|D|300|V
20523265	A	906	915	rs3753394	SNP	rs3753394
20523265	A	930	938	rs800292	SNP	rs800292
20523265	A	953	962	rs1061170	SNP	rs1061170
20523265	A	982	991	rs1329428	SNP	rs1329428
20523265	A	1298	1307	rs2274700	SNP	rs2274700
20523265	A	1312	1321	rs1410996	SNP	rs1410996
20523265	A	1780	1789	rs3753394	SNP	rs3753394
20523265	A	1804	1812	rs800292	SNP	rs800292
20523265	A	1827	1836	rs1061170	SNP	rs1061170
20523265	A	1856	1865	rs1329428	SNP	rs1329428
20523265	A	1888	1897	rs7535263	SNP	rs7535263
20523265	A	1899	1908	rs1410996	SNP	rs1410996
20523265	A	1913	1922	rs2274700	SNP	rs2274700
20005218	A	302	308	G-395A	DNAMutation	c|SUB|G|-395|A
20005218	A	471	477	G-395A	DNAMutation	c|SUB|G|-395|A
20005218	A	634	637	G/A	DNAMutation	|SUB|G||A
20005218	A	658	664	G-395A	DNAMutation	c|SUB|G|-395|A
20005218	A	814	820	G-395A	DNAMutation	c|SUB|G|-395|A
20005218	A	1009	1015	G-395A	DNAMutation	c|SUB|G|-395|A
20005218	A	1042	1048	G-395A	DNAMutation	c|SUB|G|-395|A
20005218	A	1481	1487	G-395A	DNAMutation	c|SUB|G|-395|A
20005218	A	1603	1609	G-395A	DNAMutation	c|SUB|G|-395|A
19897031	A	775	785	rs12203592	SNP	rs12203592
19897031	A	896	899	C>T	DNAMutation	|SUB|C||T
19897031	A	1039	1049	rs12203592	SNP	rs12203592
19897031	A	1196	1206	rs12203592	SNP	rs12203592
19766614	A	980	993	c.370-371insA	DNAMutation	c|INS|370_371|A
19766614	A	1090	1102	p.S124fsX127	ProteinMutation	p|FS|S|124||127
19766614	A	1339	1352	c.370-371insA	DNAMutation	c|INS|370_371|A
19681861	A	431	440	rs1799750	SNP	rs1799750
19559455	A	982	989	Delta32	DNAMutation	|DEL||32
19444361	T	7	14	2209G>A	DNAMutationr|SUB|g|2209|a
19444361	A	842	849	2209G>A	DNAMutation	r|SUB|g|2209|a
19444361	A	851	860	rs1800255	SNP	rs1800255
19444361	A	1048	1055	2209G>A	DNAMutation	r|SUB|g|2209|a
19429807	A	582	591	c.3943G>A	DNAMutation	c|SUB|G|3943|A
19429807	A	593	601	p.G1315R	ProteinMutation	p|SUB|G|1315|R
19429807	A	686	701	c.1544-?_2916+?	DNAMutation	c|DEL|1544-?_2916+?|
19394258	A	420	431	c.444-62C>A	DNAMutation	c|SUB|C|444-62|A
19365571	A	1117	1125	c.892C>T	DNAMutation	c|SUB|C|892|T
19365571	A	1130	1139	c.1072T>C	DNAMutation	c|SUB|T|1072|C
19365571	A	1290	1297	p.Q298X	ProteinMutation	p|SUB|Q|298|X
19365571	A	1360	1367	p.Y358H	ProteinMutation	p|SUB|Y|358|H
19298002	A	956	963	16C-->A	DNAMutation	|SUB|C|16|A
19298002	A	969	994	reference SNP no. 4359426	SNP	rs4359426
19129715	A	886	900	1308_1316 dup9	DNAMutation	|DUP|1308_1316|9|
19129715	A	1073	1077	C60S	ProteinMutation	p|SUB|C|60|S
19129715	A	1078	1083	L244F	ProteinMutation	p|SUB|L|244|F
19110214	A	922	935	c.6799G --> A	DNAMutation	c|SUB|G|6799|A
19110214	A	953	961	p.D2267N	ProteinMutation	p|SUB|D|2267|N
19082493	A	412	415	G/C	DNAMutation	|SUB|G||C
19082493	A	886	898	ins/del 6 bp	DNAMutation	|INDEL||6
19082493	A	1040	1052	ins/del 6 bp	DNAMutation	|INDEL||6
19082493	A	1119	1131	ins/del 6 bp	DNAMutation	|INDEL||6
19012332	A	415	424	Arg282Trp	ProteinMutation	p|SUB|R|282|W
18827003	A	558	597	(G --> C) substitution at position 1201	DNAMutation	c|SUB|G|1201|C
18827003	A	845	850	D401H	ProteinMutation	p|SUB|D|401|H
18827003	A	935	940	D401H	ProteinMutation	p|SUB|D|401|H
18827003	A	1299	1304	D401H	ProteinMutation	p|SUB|D|401|H
18827003	A	1601	1606	D401H	ProteinMutation	p|SUB|D|401|H
18827003	A	1701	1706	D401H	ProteinMutation	p|SUB|D|401|H
18813858	A	624	631	520delG	DNAMutation	|DEL|520|G
18813858	A	731	737	T1135A	DNAMutation	|SUB|T|1135|A
18806880	A	1378	1385	1493A>T	DNAMutation	c|SUB|A|1493|T
18806880	A	1510	1515	E498V	ProteinMutation	p|SUB|E|498|V
18806880	A	1829	1834	E498V	ProteinMutation	p|SUB|E|498|V
18779591	A	806	820	Ile(146)-->Leu	ProteinMutation	p|SUB|I|146|L
18779591	A	963	968	I146L	ProteinMutation	p|SUB|I|146|L
18779591	A	1354	1359	I146L	ProteinMutation	p|SUB|I|146|L
18385169	T	5	12	-308G>A	DNAMutationc|SUB|G|-308|A
18385169	A	217	224	-308G>A	DNAMutation	c|SUB|G|-308|A
18385169	A	1138	1145	-308G>A	DNAMutation	c|SUB|G|-308|A
18385169	A	1302	1308	252A>G	DNAMutation	c|SUB|A|252|G
18272172	A	261	270	2398+1G>C	DNAMutation	c|SUB|G|2398+1|C
18272172	A	397	406	2398+1G>C	DNAMutation	c|SUB|G|2398+1|C
18272172	A	618	627	2398+1G>C	DNAMutation	c|SUB|G|2398+1|C
18272172	A	1347	1356	2398+1G>C	DNAMutation	c|SUB|G|2398+1|C
18270997	T	79	88	Val158Met	ProteinMutationp|SUB|V|158|M
18270997	A	341	346	G472A	DNAMutation	c|SUB|G|472|A
18270997	A	360	369	Val158Met	ProteinMutation	p|SUB|V|158|M
18270997	A	679	684	G472A	DNAMutation	c|SUB|G|472|A
18270997	A	899	904	G472A	DNAMutation	c|SUB|G|472|A
18270997	A	973	978	G472A	DNAMutation	c|SUB|G|472|A
18266724	A	387	392	C314T	DNAMutation	c|SUB|C|314|T
18266724	A	429	438	Thr105Ile	ProteinMutation	p|SUB|T|105|I
18164595	A	1043	1055	1782-83delAG	DNAMutation	|DEL|1782_1783|AG
18164595	A	1173	1181	3097delG	DNAMutation	|DEL|3097|G
18164595	A	1319	1324	N970S	ProteinMutation	p|SUB|N|970|S
18046082	T	46	66	arginine 150 proline	ProteinMutationp|SUB|R|150|P
18046082	A	1420	1440	arginine 150 proline	ProteinMutation	p|SUB|R|150|P
17951029	T	64	71	p.E300X	ProteinMutationp|SUB|E|300|X
17951029	A	1058	1094	G>T substitution at nucleotide c.898	DNAMutation	c|SUB|G|898|T
17951029	A	1232	1239	p.E300X	ProteinMutation	p|SUB|E|300|X
17868390	T	24	34	IVS8+4 A>G	DNAMutationc|SUB|A|IVS8+4|G
17868390	A	659	669	IVS8+4 A>G	DNAMutation	c|SUB|A|IVS8+4|G
17868390	A	998	1008	IVS8+4 A>G	DNAMutation	c|SUB|A|IVS8+4|G
17635946	A	793	832	(T --> C) substitution at position 2209	DNAMutation	c|SUB|T|2209|C
17635946	A	1082	1087	F737L	ProteinMutation	p|SUB|F|737|L
17635946	A	1697	1702	F737L	ProteinMutation	p|SUB|F|737|L
17634480	A	797	805	rs713041	SNP	rs713041
17634480	A	810	818	rs757229	SNP	rs757229
17634480	A	1010	1018	rs713041	SNP	rs713041
17615540	A	743	748	C260T	DNAMutation	c|SUB|C|260|T
17615540	A	934	939	C260T	DNAMutation	c|SUB|C|260|T
17615540	A	1093	1097	T87M	ProteinMutation	p|SUB|T|87|M
17595233	A	2271	2276	D299G	ProteinMutation	p|SUB|D|299|G
17595233	A	2286	2291	P631H	ProteinMutation	p|SUB|P|631|H
17495183	A	824	833	rs5966709	SNP	rs5966709
17495183	A	835	844	rs4828037	SNP	rs4828037
17495183	A	855	865	rs11798018	SNP	rs11798018
17495183	A	876	885	rs2073163	SNP	rs2073163
17495183	A	890	899	rs1155794	SNP	rs1155794
17495183	A	1039	1048	rs2073162	SNP	rs2073162
17495183	A	1282	1291	rs2073162	SNP	rs2073162
17495183	A	1317	1326	rs2073163	SNP	rs2073163
17495183	A	1356	1365	rs1155974	SNP	rs1155974
17372760	A	1086	1096	IVS10-1G>A	DNAMutation	c|SUB|G|IVS10-1|A
17372760	A	1140	1145	L638P	ProteinMutation	p|SUB|L|638|P
17221831	T	4	8	G51S	ProteinMutationp|SUB|G|51|S
17221831	A	703	706	G/A	DNAMutation	|SUB|G||A
17221831	A	866	870	G51S	ProteinMutation	p|SUB|G|51|S
17221831	A	1428	1432	G51S	ProteinMutation	p|SUB|G|51|S
17177139	T	18	23	E333D	ProteinMutationp|SUB|E|333|D
17177139	A	497	502	E333D	ProteinMutation	p|SUB|E|333|D
17177139	A	1107	1114	1284A>C	DNAMutation	|SUB|A|1284|C
17177139	A	1198	1203	E333D	ProteinMutation	p|SUB|E|333|D
17177139	A	1295	1300	E333D	ProteinMutation	p|SUB|E|333|D
17177139	A	1509	1514	E333D	ProteinMutation	p|SUB|E|333|D
17177139	A	1931	1936	E333D	ProteinMutation	p|SUB|E|333|D
17065190	A	924	933	rs2857657	SNP	rs2857657
17065190	A	935	938	C/G	DNAMutation	|SUB|C||G
17065190	A	949	955	rs4586	SNP	rs4586
17065190	A	957	960	A/G	DNAMutation	|SUB|A||G
17065190	A	995	1002	rs13900	SNP	rs13900
17065190	A	1004	1007	C/T	DNAMutation	|SUB|C||T
17065190	A	1067	1076	rs3917887	SNP	rs3917887
17065190	A	1078	1094	AGCTCCTCCTTCTC/-	DNAMutation	|DEL||AGCTCCTCCTTCTC
17003923	A	1104	1111	1691G>A	DNAMutation	c|SUB|G|1691|A
17003923	A	1140	1147	4070A>G	DNAMutation	c|SUB|A|4070|G
17003923	A	1185	1194	Arg353Gln	ProteinMutation	p|SUB|R|353|Q
17003923	A	1208	1216	Val34Leu	ProteinMutation	p|SUB|V|34|L
17003923	A	1234	1241	-455G>A	DNAMutation	c|SUB|G|-455|A
17003923	A	1255	1263	20210G>A	DNAMutation	c|SUB|G|20210|A
17003923	A	1322	1328	536C>T	DNAMutation	c|SUB|C|536|T
17003923	A	1345	1351	127G>A	DNAMutation	c|SUB|G|127|A
17003923	A	1467	1474	1601G>A	DNAMutation	c|SUB|G|1601|A
17003923	A	1746	1752	807C>T	DNAMutation	c|SUB|C|807|T
17003923	A	1790	1796	677C>T	DNAMutation	c|SUB|C|677|T
17003923	A	1849	1855	807C>T	DNAMutation	c|SUB|C|807|T
17002658	T	62	66	R-4Q	ProteinMutationp|SUB|R|-4|Q
17002658	A	838	850	g.1755 G > A	DNAMutation	g|SUB|G|1755|A
17002658	A	997	1001	R-4Q	ProteinMutation	p|SUB|R|-4|Q
17002658	A	1222	1238	g.10435_10809del	DNAMutation	g|DEL|10435_10809|
17002658	A	1332	1336	R-4Q	ProteinMutation	p|SUB|R|-4|Q
17002658	A	1440	1444	R-4Q	ProteinMutation	p|SUB|R|-4|Q
16989765	T	8	17	His158Arg	ProteinMutationp|SUB|H|158|R
16989765	A	981	990	His158Arg	ProteinMutation	p|SUB|H|158|R
16989765	A	1584	1593	His158Arg	ProteinMutation	p|SUB|H|158|R
16953235	A	482	489	c.32C>T	DNAMutation	c|SUB|C|32|T
16953235	A	530	536	p.I11T	ProteinMutation	p|SUB|I|11|T
16953235	A	1036	1042	p.I11T	ProteinMutation	p|SUB|I|11|T
16953235	A	1131	1137	p.I11T	ProteinMutation	p|SUB|I|11|T
16911351	A	872	882	c.646G > C	DNAMutation	c|SUB|G|646|C
16911351	A	884	893	Asp216His	ProteinMutation	p|SUB|D|216|H
16911351	A	1027	1040	904-906delGAG	DNAMutation	c|DEL|904_906|GAG
16840830	A	1035	1044	AAG-->GAG	DNAMutation	|SUB|AAG||GAG
16840830	A	1225	1234	GAC-->TAT	DNAMutation	|SUB|GAC||TAT
16838170	A	828	837	rs4810424	SNP	rs4810424
16838170	A	839	848	rs1884614	SNP	rs1884614
16838170	A	854	863	rs2144908	SNP	rs2144908
16838170	A	944	953	rs4810424	SNP	rs4810424
16838170	A	1037	1046	rs4810424	SNP	rs4810424
16838170	A	1390	1399	rs4810424	SNP	rs4810424
16838170	A	1401	1410	rs2071197	SNP	rs2071197
16838170	A	1416	1425	rs3818247	SNP	rs3818247
16781314	T	87	94	888delC	DNAMutation|DEL|888|C
16723031	A	1198	1206	1494del6	DNAMutation	g|DEL|1494|6
16575011	T	27	35	1494del6	DNAMutation|DEL|1494|6
16575011	A	581	586	G > C	DNAMutation	|SUB|G||C
16575011	A	632	640	1494del6	DNAMutation	|DEL|1494|6
16575011	A	1214	1219	G > C	DNAMutation	|SUB|G||C
16575011	A	1280	1288	1494del6	DNAMutation	|DEL|1494|6
16575011	A	1895	1903	1494del6	DNAMutation	|DEL|1494|6
16506214	A	1163	1172	+3100 T/G	DNAMutation	c|SUB|T|+3100|G
16506214	A	1177	1186	+8365 C/T	DNAMutation	c|SUB|C|+8365|T
16506214	A	1354	1363	+3100 T/G	DNAMutation	c|SUB|T|+3100|G
16506214	A	1368	1377	+8365 C/T	DNAMutation	c|SUB|C|+8365|T
16419642	T	27	32	F826Y	ProteinMutationp|SUB|F|826|Y
16419642	A	187	192	S810L	ProteinMutation	p|SUB|S|810|L
16419642	A	611	616	S810L	ProteinMutation	p|SUB|S|810|L
16419642	A	671	676	S810L	ProteinMutation	p|SUB|S|810|L
16419642	A	734	739	S810L	ProteinMutation	p|SUB|S|810|L
16419642	A	872	877	F826Y	ProteinMutation	p|SUB|F|826|Y
16419642	A	1010	1015	L809L	ProteinMutation	p|SUB|L|809|L
16419642	A	1022	1027	F826Y	ProteinMutation	p|SUB|F|826|Y
16419642	A	1123	1128	F826Y	ProteinMutation	p|SUB|F|826|Y
16419642	A	1315	1320	F826Y	ProteinMutation	p|SUB|F|826|Y
16419642	A	1628	1633	F826Y	ProteinMutation	p|SUB|F|826|Y
16410744	A	1499	1516	codon 787 CAG/CAA	DNAMutation	|SUB|CAG|CODON787|CAA
16288197	A	1433	1440	144 G>A	DNAMutation	c|SUB|G|144|A
16288197	A	1457	1461	Q48H	ProteinMutation	p|SUB|Q|48|H
16288197	A	2294	2298	Q48H	ProteinMutation	p|SUB|Q|48|H
16288197	A	2611	2615	Q48H	ProteinMutation	p|SUB|Q|48|H
16277682	T	17	22	M404V	ProteinMutationp|SUB|M|404|V
16277682	A	298	343	methionine-->valine substitution at codon 404	ProteinMutation	p|SUB|M|404|V
16277682	A	345	350	M404V	ProteinMutation	p|SUB|M|404|V
16277682	A	646	651	M404V	ProteinMutation	p|SUB|M|404|V
16277682	A	991	996	M404V	ProteinMutation	p|SUB|M|404|V
16277682	A	1317	1322	M404V	ProteinMutation	p|SUB|M|404|V
16277682	A	1572	1577	M404V	ProteinMutation	p|SUB|M|404|V
16216473	A	918	953	C-->T transversion at cDNA base 463	DNAMutation	c|SUB|C|463|T
16216473	A	955	960	C463T	DNAMutation	c|SUB|C|463|T
16216473	A	1031	1036	P155S	ProteinMutation	p|SUB|P|155|S
16167150	A	670	677	-866G/A	DNAMutation	c|SUB|G|-866|A
16167150	A	711	714	G/A	DNAMutation	|SUB|G||A
16167150	A	732	735	C/T	DNAMutation	|SUB|C||T
16167150	A	752	760	Ala55Val	ProteinMutation	p|SUB|A|55|V
16167150	A	928	935	-866G/A	DNAMutation	c|SUB|G|-866|A
16167150	A	983	991	Ala55Val	ProteinMutation	p|SUB|A|55|V
16167150	A	1031	1034	G/A	DNAMutation	|SUB|G||A
16167150	A	1153	1160	-866G/A	DNAMutation	c|SUB|G|-866|A
16167150	A	1193	1201	Ala55Val	ProteinMutation	p|SUB|A|55|V
16167150	A	1637	1644	-866G/A	DNAMutation	c|SUB|G|-866|A
16152606	T	30	37	657del5	DNAMutationc|DEL|657|5
16152606	A	427	434	657del5	DNAMutation	c|DEL|657|5
16152606	A	588	594	643C>T	DNAMutation	c|SUB|C|643|T
16152606	A	596	601	R215W	ProteinMutation	p|SUB|R|215|W
16152606	A	892	899	657del5	DNAMutation	c|DEL|657|5
16152606	A	1096	1101	R215W	ProteinMutation	p|SUB|R|215|W
16152606	A	1168	1175	657del5	DNAMutation	c|DEL|657|5
16152606	A	1429	1436	657del5	DNAMutation	c|DEL|657|5
16120104	A	478	485	C-1228T	DNAMutation	c|SUB|C|-1228|T
16120104	A	542	547	C111G	DNAMutation	c|SUB|C|111|G
16120104	A	577	583	G3853A	DNAMutation	c|SUB|G|3853|A
16120104	A	1382	1387	C111G	DNAMutation	c|SUB|C|111|G
16046395	T	83	88	A118G	DNAMutationc|SUB|A|118|G
16046395	A	356	361	A118G	DNAMutation	c|SUB|A|118|G
16046395	A	377	381	N40D	ProteinMutation	p|SUB|N|40|D
16046395	A	553	558	A118G	DNAMutation	c|SUB|A|118|G
16005363	T	41	54	AFF344-345ins	ProteinMutationp|INS|344_345|AFF
16005363	A	649	662	AFF344-345ins	ProteinMutation	p|INS|344_345|AFF
15768551	T	26	35	Val-->Ala	ProteinMutationp|SUB|V||A
15768551	A	822	854	GTT-->GCT transition at codon 23	DNAMutation	|SUB|GTT|CODON23|GCT
15768551	A	890	899	Val-->Ala	ProteinMutation	p|SUB|V||A
15680411	A	439	444	R194W	ProteinMutation	p|SUB|R|194|W
15680411	A	446	451	R399Q	ProteinMutation	p|SUB|R|399|Q
15680411	A	532	537	T241M	ProteinMutation	p|SUB|T|241|M
15680411	A	593	598	I134T	ProteinMutation	p|SUB|I|134|T
15649253	A	965	969	L50R	ProteinMutation	p|SUB|L|50|R
15609295	T	69	77	Asn45Ser	ProteinMutationp|SUB|N|45|S
15609295	A	1215	1223	Asn45Ser	ProteinMutation	p|SUB|N|45|S
15599941	A	294	297	G/A	DNAMutation	|SUB|G||A
15599941	A	935	938	G/A	DNAMutation	|SUB|G||A
15316799	A	472	479	15T-->C	DNAMutation	|SUB|T|CODON15|C
15316799	A	515	536	Phe-->Ser at codon 15	ProteinMutation	p|SUB|F|15|S
15316799	A	538	557	intron 2, -352G-->A	DNAMutation	c|SUB|G|IVS2-352|A
15316799	A	559	577	intron 3, +45C-->T	DNAMutation	c|SUB|C|IVS3+45|T
15316799	A	579	598	intron 4, +718C-->T	DNAMutation	c|SUB|C|IVS4+718|T
15205584	T	69	74	W486C	ProteinMutationp|SUB|W|486|C
15205584	A	278	283	W486C	ProteinMutation	p|SUB|W|486|C
15205584	A	635	642	G --> C	DNAMutation	|SUB|G||C
15205584	A	696	701	W486C	ProteinMutation	p|SUB|W|486|C
15205584	A	973	978	W486C	ProteinMutation	p|SUB|W|486|C
15205584	A	1045	1050	W486C	ProteinMutation	p|SUB|W|486|C
15205584	A	1233	1238	W486C	ProteinMutation	p|SUB|W|486|C
15200408	A	1495	1502	Ala7Val	ProteinMutation	p|SUB|A|7|V
15200408	A	1566	1575	Pro154Ala	ProteinMutation	p|SUB|P|154|A
15198485	T	18	27	Lys198Asn	ProteinMutationp|SUB|K|198|N
15198485	T	32	40	-134delA	DNAMutationc|DEL|-134|A
15198485	A	315	324	Lys198Asn	ProteinMutation	p|SUB|K|198|N
15198485	A	440	448	-134delA	DNAMutation	c|DEL|-134|A
15198485	A	542	551	Lys198Asn	ProteinMutation	p|SUB|K|198|N
15198485	A	1358	1367	Lys198Asn	ProteinMutation	p|SUB|K|198|N
15198485	A	1503	1512	Lys198Asn	ProteinMutation	p|SUB|K|198|N
15198485	A	1610	1619	Lys198Asn	ProteinMutation	p|SUB|K|198|N
15122708	A	1143	1168	del 92 nucleotide -19/+73	DNAMutation	c|DEL|-19_+73|92
15111599	A	1002	1011	279delGAG	DNAMutation	|DEL|279|GAG
15111599	A	1311	1319	DeltaG91	ProteinMutation	p|DEL|91|G
15111599	A	1442	1451	IVS3+1G/A	DNAMutation	c|SUB|G|IVS3+1|A
15041272	T	72	78	R1306W	ProteinMutationp|SUB|R|1306|W
15041272	A	1211	1223	Arg 1306 Trp	ProteinMutation	p|SUB|R|1306|W
15041272	A	1225	1231	R1306W	ProteinMutation	p|SUB|R|1306|W
15041272	A	1522	1528	R1306W	ProteinMutation	p|SUB|R|1306|W
15018851	A	1328	1333	N495K	ProteinMutation	p|SUB|N|495|K
15018851	A	1422	1427	L501I	ProteinMutation	p|SUB|L|501|I
15003823	A	835	847	33 + 2 T-->C	DNAMutation	c|SUB|T|33+2|C
15003823	A	858	867	181 G-->C	DNAMutation	c|SUB|G|181|C
15003823	A	880	895	267-61 del 8 bp	DNAMutation	c|DEL|267-61_267-54|8
15003823	A	908	919	345-1 G-->C	DNAMutation	c|SUB|G|345-1|C
15003823	A	932	946	498 + 15 G-->T	DNAMutation	c|SUB|G|498+15|T
15003823	A	951	979	499-13 Delta-14 bp indel TGA	DNAMutation	c|INDEL|499-13_499|TGA
15003823	A	993	1006	825 + 1 G-->C	DNAMutation	c|SUB|G|825+1|C
15003823	A	1011	1024	825 + 2 T-->C	DNAMutation	c|SUB|T|825+2|C
15003823	A	1036	1043	962 G-A	DNAMutation	c|SUB|G|962|A
15003823	A	1045	1055	1067 del A	DNAMutation	c|DEL|1067|A
15003823	A	1060	1078	1067-1068 ins 5 bp	DNAMutation	c|INS|1067_1068|5
14962306	A	1004	1010	V1561M	ProteinMutation	p|SUB|V|1561|M
14722925	A	694	698	N34S	ProteinMutation	p|SUB|N|34|S
14722925	A	976	984	c.27delC	DNAMutation	c|DEL|27|C
14722925	A	1075	1083	c.27delC	DNAMutation	c|DEL|27|C
14722925	A	1335	1344	c.87+1G>A	DNAMutation	c|SUB|G|87+1|A
14722925	A	1346	1391	G>A substitution at nucleotide +1 of intron 2	DNAMutation	c|SUB|G|IVS2+1|A
14708104	A	830	846	c.3385_3386delTT	DNAMutation	c|DEL|3385_3386|TT
14708104	A	906	914	p.F1129X	ProteinMutation	p|SUB|F|1129|X
12862311	A	527	537	79-1 G > T	DNAMutation	c|SUB|G|79-1|T
12862311	A	563	569	Q1169X	ProteinMutation	p|SUB|Q|1169|X
12862311	A	573	578	R497X	ProteinMutation	p|SUB|R|497|X
12862311	A	625	630	R295C	ProteinMutation	p|SUB|R|295|C
12862311	A	855	861	Q1169X	ProteinMutation	p|SUB|Q|1169|X
12820697	A	1010	1015	P261L	ProteinMutation	p|SUB|P|261|L
12820697	A	1020	1025	V330M	ProteinMutation	p|SUB|V|330|M
12820697	A	1063	1072	1009 delA	DNAMutation	|DEL|1009|A
12820697	A	1116	1121	A182T	ProteinMutation	p|SUB|A|182|T
12820697	A	1178	1183	V330M	ProteinMutation	p|SUB|V|330|M
12820697	A	1188	1196	1009delA	DNAMutation	|DEL|1009|A
12820697	A	1411	1416	P261L	ProteinMutation	p|SUB|P|261|L
12791036	A	725	739	c.1285-1301dup	DNAMutation	c|DUP|1285_1301||
12791036	A	782	791	c.615delC	DNAMutation	c|DEL|615|C
12791036	A	800	805	R238X	ProteinMutation	p|SUB|R|238|X
12737948	A	657	671	IVS10+1, g-->t	DNAMutation	r|SUB|G|IVS10+1|T
12737948	A	906	920	IVS10+1, g-->t	DNAMutation	r|SUB|G|IVS10+1|T
12737948	A	1126	1131	-251G	DNAMutation	c|SUB||-251|G
12737948	A	1133	1141	IVS1-23T	DNAMutation	c|SUB||IVS1-23|T
12737948	A	1147	1155	IVS3-48C	DNAMutation	c|SUB||IVS3-48|C
12701064	A	907	930	(TAC-->AA) at codon 329	DNAMutation	|SUB|TAC|CODON329|AA
12668609	A	1096	1102	A-262T	DNAMutation	c|SUB|A|-262|T
12636044	A	334	346	c2403T --> C	DNAMutation	c|SUB|T|2403|C
12636044	A	351	363	c5398T --> C	DNAMutation	c|SUB|T|5398|C
12636044	A	434	446	c4475C --> A	DNAMutation	c|SUB|C|4475|A
12631337	A	1379	1386	delTTCA	DNAMutation	|DEL||TTCA
12631337	A	1420	1427	delTTCA	DNAMutation	|DEL||TTCA
12631337	A	1774	1781	delTTCA	DNAMutation	|DEL||TTCA
12631337	A	1889	1896	delTTCA	DNAMutation	|DEL||TTCA
22106692	A	1481	1486	E137D	ProteinMutation	p|SUB|E|137|D
22106692	A	1494	1498	R32Q	ProteinMutation	p|SUB|R|32|Q
22106692	A	1506	1511	E101K	ProteinMutation	p|SUB|E|101|K
22106692	A	1522	1527	Y156H	ProteinMutation	p|SUB|Y|156|H
22106692	A	1561	1568	366delT	DNAMutation	|DEL|366|T
21699520	A	1066	1075	g.2885G>C	DNAMutation	g|SUB|G|2885|C
21699520	A	1129	1136	p.R962T	ProteinMutation	p|SUB|R|962|T
21699520	A	1275	1284	g.2839T>G	DNAMutation	g|SUB|T|2839|G
21699520	A	1329	1339	p.E947stop	ProteinMutation	p|SUB|E|947|X
21699520	A	1403	1414	IVS9 + 217T	DNAMutation	c|SUB||IVS9+217|T
21542403	A	2094	2105	IVS19-37G/C	DNAMutation	c|SUB|G|IVS19-37|C
21542403	A	2112	2118	D1017N	ProteinMutation	p|SUB|D|1017|N
21903317	A	1075	1082	c.28T>C	DNAMutation	c|SUB|T|28|C
21903317	A	1084	1090	p.W10R	ProteinMutation	p|SUB|W|10|R
21666969	A	178	186	1359 G/A	DNAMutation	g|SUB|G|1359|A
21684788	A	1186	1194	c.407C>T	DNAMutation	c|SUB|C|407|T
21684788	A	1196	1201	P136L	ProteinMutation	p|SUB|P|136|L
22042570	A	766	784	c.2708_2711delTTAG	DNAMutation	c|DEL|2708_2711|TTAG
22042570	A	786	799	p.V903GfsX905	ProteinMutation	p|FS|V|903|G|905
22042570	A	910	927	c.1618_1620delACT	DNAMutation	c|DEL|1618_1620|ACT
22042570	A	929	938	p.T540del	ProteinMutation	p|DEL|540|T
22042570	A	1037	1046	c.1084G>T	DNAMutation	c|SUB|G|1084|T
22042570	A	1048	1055	p.E362X	ProteinMutation	p|SUB|E|362|X
21615796	A	303	311	rs763780	SNP	rs763780
21615796	A	313	320	7488T/C	DNAMutation	g|SUB|T|7488|C
21937424	T	22	27	R114H	ProteinMutationp|SUB|R|114|H
21937424	A	438	443	R114H	ProteinMutation	p|SUB|R|114|H
21937424	A	610	615	R114H	ProteinMutation	p|SUB|R|114|H
21937424	A	671	678	D201ins	ProteinMutation	p|INS|201|D
21937424	A	709	716	A124ins	ProteinMutation	p|INS|124|A
21937424	A	759	764	R114H	ProteinMutation	p|SUB|R|114|H
21937424	A	848	853	R114H	ProteinMutation	p|SUB|R|114|H
21937424	A	854	859	R114H	ProteinMutation	p|SUB|R|114|H
21937424	A	970	977	D201ins	ProteinMutation	p|INS|201|D
21937424	A	978	985	D201ins	ProteinMutation	p|INS|201|D
21937424	A	997	1004	A124ins	ProteinMutation	p|INS|124|A
21937424	A	1005	1012	A124ins	ProteinMutation	p|INS|124|A
21937424	A	1101	1106	R114H	ProteinMutation	p|SUB|R|114|H
21937424	A	1107	1114	D201ins	ProteinMutation	p|INS|201|D
21937424	A	1126	1131	R114H	ProteinMutation	p|SUB|R|114|H
21937424	A	1132	1139	A124ins	ProteinMutation	p|INS|124|A
21937424	A	1213	1218	R114H	ProteinMutation	p|SUB|R|114|H
21937424	A	1219	1224	R114H	ProteinMutation	p|SUB|R|114|H
21937424	A	1350	1355	R114H	ProteinMutation	p|SUB|R|114|H
21937424	A	1356	1363	D201ins	ProteinMutation	p|INS|201|D
21937424	A	1375	1380	R114H	ProteinMutation	p|SUB|R|114|H
21937424	A	1381	1388	A124ins	ProteinMutation	p|INS|124|A
21937424	A	1456	1463	D201ins	ProteinMutation	p|INS|201|D
21937424	A	1475	1482	A124ins	ProteinMutation	p|INS|124|A
21937424	A	1573	1578	R114H	ProteinMutation	p|SUB|R|114|H
21937424	A	1695	1700	R114A	ProteinMutation	p|SUB|R|114|A
21937424	A	1705	1710	R114K	ProteinMutation	p|SUB|R|114|K
22180037	A	289	312	A > G at nucleotide 313	DNAMutation	c|SUB|A|313|G
22180037	A	359	368	Ile105Val	ProteinMutation	p|SUB|I|105|V
22180037	A	475	484	Ile105Val	ProteinMutation	p|SUB|I|105|V
22180037	A	689	698	Ile105Val	ProteinMutation	p|SUB|I|105|V
22180037	A	871	880	Ile105Val	ProteinMutation	p|SUB|I|105|V
22125978	A	825	839	c.659_660delTA	DNAMutation	c|DEL|659_660|TA
22125978	A	940	954	c.659_660delTA	DNAMutation	c|DEL|659_660|TA
21042587	A	687	698	p.R469[R,X]	ProteinMutation	p|SUB|R|469|X
21182502	A	1134	1145	IVS64+5g->a	DNAMutation	r|SUB|g|IVS64+5|a
20583543	A	763	770	p.R246Q	ProteinMutation	p|SUB|R|246|Q
20583543	A	868	887	g.80_87delT CGCGAAG	DNAMutation	g|DEL|80_87|TCGCGAAG
20583543	A	889	900	p.A27fsX132	ProteinMutation	p|FS|A|27||132
20583543	A	906	913	p.R246Q	ProteinMutation	p|SUB|R|246|Q
20583543	A	980	987	p.G196S	ProteinMutation	p|SUB|G|196|S
20583543	A	1080	1087	p.R246Q	ProteinMutation	p|SUB|R|246|Q
21219851	A	1181	1191	c.2187delA	DNAMutation	c|DEL|2187|A
21219851	A	1220	1229	c.2992C>T	DNAMutation	c|SUB|C|2992|T
21219851	A	1422	1431	rs1800255	SNP	rs1800255
21219851	A	1432	1435	G>A	DNAMutation	|SUB|G||A
21219851	A	1437	1446	rs1801184	SNP	rs1801184
21219851	A	1447	1450	T>C	DNAMutation	|SUB|T||C
21219851	A	1456	1465	rs2271683	SNP	rs2271683
21219851	A	1466	1469	A>G	DNAMutation	|SUB|A||G
20579626	A	394	404	c.1052delA	DNAMutation	c|DEL|1052|A
20579626	A	847	857	c.1052delA	DNAMutation	c|DEL|1052|A
21126715	T	79	87	Ile262fs	ProteinMutationp|FS|I|262||
21126715	A	1234	1241	783insG	DNAMutation	|INS|783|G
21126715	A	1243	1251	Ile262fs	ProteinMutation	p|FS|I|262||
21130517	A	710	715	L858R	ProteinMutation	p|SUB|L|858|R
21130517	A	1187	1192	L858R	ProteinMutation	p|SUB|L|858|R
21340161	A	648	666	c.1186_1187insGGCC	DNAMutation	c|INS|1186_1187|GGCC
21163864	T	4	9	M235T	ProteinMutationp|SUB|M|235|T
21163864	A	327	332	T704C	DNAMutation	c|SUB|T|704|C
21163864	A	913	918	M235T	ProteinMutation	p|SUB|M|235|T
20606392	A	837	842	R211H	ProteinMutation	p|SUB|R|211|H
20606392	A	903	910	899dupC	DNAMutation	|DUP|899|C|
21406173	A	1064	1069	E441G	ProteinMutation	p|SUB|E|441|G
20577006	A	931	936	P799L	ProteinMutation	p|SUB|P|799|L
20577006	A	1019	1026	F471del	ProteinMutation	p|DEL|471|F
20577006	A	1087	1092	R594H	ProteinMutation	p|SUB|R|594|H
20534142	A	383	389	rs6232	SNP	rs6232
20534142	A	394	400	rs6235	SNP	rs6235
20534142	A	613	619	rs6232	SNP	rs6232
20534142	A	624	630	rs6235	SNP	rs6235
20534142	A	916	922	rs6235	SNP	rs6235
20534142	A	936	942	rs6232	SNP	rs6232
20534142	A	1010	1016	rs6235	SNP	rs6235
20534142	A	1021	1027	rs6232	SNP	rs6232
20534142	A	1232	1238	rs6235	SNP	rs6235
20534142	A	1289	1295	rs6232	SNP	rs6232
20534142	A	1472	1478	rs6232	SNP	rs6232
20534142	A	1736	1742	rs6235	SNP	rs6235
20534142	A	1968	1974	rs6232	SNP	rs6232
20534142	A	2009	2014	N221D	ProteinMutation	p|SUB|N|221|D
20227423	A	884	893	Ser704Cys	ProteinMutation	p|SUB|S|704|C
20227423	A	1029	1038	Ser704Cys	ProteinMutation	p|SUB|S|704|C
20227423	A	1153	1162	Ser704Cys	ProteinMutation	p|SUB|S|704|C
20227423	A	1512	1521	Ser704Cys	ProteinMutation	p|SUB|S|704|C
20143913	A	172	179	p.R315X	ProteinMutation	p|SUB|R|315|X
20143913	A	463	476	c.899-1142del	DNAMutation	c|DEL|899_1142|
20143913	A	742	759	g.99367-102002del	DNAMutation	g|DEL|99367_102002|
20086182	A	358	373	-652 6N ins/del	DNAMutation	c|INDEL|-652|6
20086182	A	403	408	D302H	ProteinMutation	p|SUB|D|302|H
20086182	A	654	665	-652 6N del	DNAMutation	c|DEL|-652|6
20086182	A	935	946	-652 6N del	DNAMutation	c|DEL|-652|6
20086182	A	1265	1276	-652 6N del	DNAMutation	c|DEL|-652|6
20086182	A	1472	1483	-652 6N del	DNAMutation	c|DEL|-652|6
20026870	T	81	87	A1166C	DNAMutation|SUB|A|1166|C
20026870	A	853	859	A1166C	DNAMutation	|SUB|A|1166|C
19958188	A	452	462	-369 (C>G)	DNAMutation	c|SUB|C|-369|G
19958188	A	464	473	-611 (-T)	DNAMutation	c|DEL|-611|T
19958188	A	478	494	-603/604 (GA>AG)	DNAMutation	c|SUB|GA|-603_-604|AG
19958188	A	530	540	-588 (A>G)	DNAMutation	c|SUB|A|-588|G
19958188	A	545	566	-AAGC at -222 to -225	DNAMutation	c|DEL|-222_-225|AAGC
19958188	A	957	970	IVS-II-1(G>A)	DNAMutation	c|SUB|G|IVS2-1|A
19958188	A	971	984	IVS-II-1(G>A)	DNAMutation	c|SUB|G|IVS2-1|A
19929939	A	946	956	c.2449delT	DNAMutation	c|DEL|2449|T
19929939	A	1116	1133	p.Cys817Valfs X15	ProteinMutation	p|FS|C|817|V|15
19918264	T	6	15	Gly388Arg	ProteinMutationp|SUB|G|388|R
19918264	A	1179	1190	Gly(388)Arg	ProteinMutation	p|SUB|G|388|R
19880293	A	985	1004	-6054, deletion/ATT	DNAMutation	c|DEL|-6054|ATT
19880293	A	1006	1016	-3279, A/C	DNAMutation	c|SUB|A|-3279|C
19880293	A	1018	1027	-924, A/G	DNAMutation	c|SUB|A|-924|G
19880293	A	1029	1042	IVS9+459, A/G	DNAMutation	c|SUB|A|IVS9+459|G
19880293	A	1959	1977	-6054 deletion/ATT	DNAMutation	c|DEL|-6054|ATT
19880293	A	1986	1994	-924 A/G	DNAMutation	c|SUB|A|-924|G
19728872	A	1198	1207	c.1922G>A	DNAMutation	c|SUB|G|1922|A
19728872	A	1209	1220	p.Arg641His	ProteinMutation	p|SUB|R|641|H
19728872	A	1755	1764	c.1922G>A	DNAMutation	c|SUB|G|1922|A
19664890	A	1044	1056	c.387+107A>T	DNAMutation	c|SUB|A|387+107|T
19592582	A	498	504	P686fs	ProteinMutation	p|FS|P|686||
19592582	A	571	587	2172_2173insCCCC	DNAMutation	c|INS|2172_2173|CCCC
19592582	A	715	723	c.467C>A	DNAMutation	c|SUB|C|467|A
19592582	A	728	736	c.468C>T	DNAMutation	c|SUB|C|468|T
19592582	A	781	786	A118D	ProteinMutation	p|SUB|A|118|D
19592582	A	1025	1030	A118D	ProteinMutation	p|SUB|A|118|D
19521089	A	544	551	rs25531	SNP	rs25531
19521089	A	552	557	A-->G	DNAMutation	|SUB|A||G
19521089	A	771	778	rs25531	SNP	rs25531
19521089	A	806	813	rs25531	SNP	rs25531
19476483	T	21	28	Delta32	DNAMutation|DEL||32
19476483	A	377	384	Delta32	DNAMutation	|DEL||32
19476483	A	462	469	Delta32	DNAMutation	|DEL||32
19476483	A	823	830	Delta32	DNAMutation	|DEL||32
19476483	A	947	954	Delta32	DNAMutation	|DEL||32
19476483	A	1203	1210	Delta32	DNAMutation	|DEL||32
19476483	A	1355	1362	Delta32	DNAMutation	|DEL||32
19476483	A	1511	1518	Delta32	DNAMutation	|DEL||32
19448408	A	826	835	T1270533G	DNAMutation	g|SUB|T|1270533|G
19448408	A	1078	1087	T1270533G	DNAMutation	g|SUB|T|1270533|G
19448408	A	1161	1170	T1270533G	DNAMutation	g|SUB|T|1270533|G
19448408	A	1445	1454	T1270533G	DNAMutation	g|SUB|T|1270533|G
19448408	A	1513	1522	T1270533G	DNAMutation	g|SUB|T|1270533|G
19404517	A	503	507	N45S	ProteinMutation	p|SUB|N|45|S
19404517	A	641	645	N45S	ProteinMutation	p|SUB|N|45|S
19370764	A	478	485	p.T286M	ProteinMutation	p|SUB|T|286|M
19370764	A	501	508	p.W111X	ProteinMutation	p|SUB|W|111|X
19370764	A	607	617	c.610-2A>G	DNAMutation	c|SUB|A|610-2|G
19370764	A	677	686	c.611delG	DNAMutation	c|DEL|611|G
19370764	A	691	705	c.640_667del28	DNAMutation	c|DEL|640_667|28
19370764	A	758	776	c.609+28_610-16del	DNAMutation	c|DEL|609+28_610-16|
19370764	A	839	849	c.610-2A>G	DNAMutation	c|SUB|A|610-2|G
19370764	A	1005	1019	p.G204_K247del	ProteinMutation	p|DEL|204_247|
19370764	A	1058	1070	p.G204VfsX28	ProteinMutation	p|FS|G|204|V|28
19370764	A	1151	1169	c.609+28_610-16del	DNAMutation	c|DEL|609+28_610-16|
19370764	A	1237	1255	c.609+28_610-16del	DNAMutation	c|DEL|609+28_610-16|
19370764	A	1656	1668	p.G204VfsX17	ProteinMutation	p|FS|G|204|V|17
19218574	T	63	72	Met326Ile	ProteinMutationp|SUB|M|326|I
19218574	A	454	463	Met326Ile	ProteinMutation	p|SUB|M|326|I
19218574	A	607	616	Met326Ile	ProteinMutation	p|SUB|M|326|I
19218574	A	814	823	Met326Ile	ProteinMutation	p|SUB|M|326|I
19218574	A	910	919	Met326Ile	ProteinMutation	p|SUB|M|326|I
19218574	A	1439	1448	Met326Ile	ProteinMutation	p|SUB|M|326|I
19218574	A	1604	1613	Met326Ile	ProteinMutation	p|SUB|M|326|I
19218574	A	1695	1704	Met326Ile	ProteinMutation	p|SUB|M|326|I
19144556	A	673	680	1849T>A	DNAMutation	|SUB|T|1849|A
19144556	A	682	689	2122C>T	DNAMutation	|SUB|C|2122|T
19144556	A	691	698	2180C>T	DNAMutation	|SUB|C|2180|T
19144556	A	704	711	2192C>T	DNAMutation	|SUB|C|2192|T
19144556	A	820	835	1978(TATC)(1-2)	DNAMutation	|DUP|1978|TATC|1-2
19144556	A	837	853	2193(ATCT)(5-13)	DNAMutation	|DUP|2193|ATCT|5-13
19144556	A	859	874	2234(TGTA)(5-7)	DNAMutation	|DUP|2234|TGTA|5-7
18790087	T	65	72	Delta32	DNAMutation|DEL||32
18790087	A	419	426	Delta32	DNAMutation	|DEL||32
18790087	A	491	498	Delta32	DNAMutation	|DEL||32
18681856	T	102	109	p.M453T	ProteinMutationp|SUB|M|453|T
18681856	A	803	814	c.1358T-->C	DNAMutation	c|SUB|T|1358|C
18681856	A	899	906	p.M453T	ProteinMutation	p|SUB|M|453|T
19808398	A	802	808	A1180V	ProteinMutation	p|SUB|A|1180|V
19808398	A	1508	1514	A1180V	ProteinMutation	p|SUB|A|1180|V
19808398	A	1651	1657	A1180V	ProteinMutation	p|SUB|A|1180|V
19808398	A	1801	1807	A1180V	ProteinMutation	p|SUB|A|1180|V
18470323	T	63	68	R124C	ProteinMutationp|SUB|R|124|C
18470323	A	654	659	R124C	ProteinMutation	p|SUB|R|124|C
18470323	A	1641	1646	C417T	DNAMutation	c|SUB|C|417|T
18470323	A	1684	1689	R124C	ProteinMutation	p|SUB|R|124|C
18470323	A	1872	1877	R124C	ProteinMutation	p|SUB|R|124|C
18457324	A	1164	1169	V244M	ProteinMutation	p|SUB|V|244|M
18457324	A	1356	1361	V244M	ProteinMutation	p|SUB|V|244|M
18457324	A	1551	1556	V244M	ProteinMutation	p|SUB|V|244|M
18457324	A	1776	1781	V244M	ProteinMutation	p|SUB|V|244|M
18457324	A	2139	2144	V244M	ProteinMutation	p|SUB|V|244|M
18439317	A	272	275	G/D	DNAMutation	|DEL||G
18426832	A	452	455	C/T	DNAMutation	|SUB|C||T
18426832	A	907	910	C/T	DNAMutation	|SUB|C||T
18410548	A	962	969	Y248del	ProteinMutation	p|DEL|248|Y
18410548	A	971	986	c.742_744delTAC	DNAMutation	c|DEL|742_744|TAC
18408250	A	1139	1147	rs729302	SNP	rs729302
18408250	A	1331	1339	rs729302	SNP	rs729302
18408250	A	1649	1657	rs729302	SNP	rs729302
18385794	A	943	952	c.310 G>T	DNAMutation	c|SUB|G|310|T
18385794	A	954	964	p. Glu104X	ProteinMutation	p|SUB|E|104|X
18385794	A	1212	1221	c.549delC	DNAMutation	c|DEL|549|C
18385794	A	1223	1240	p. Pro184ArgfsX19	ProteinMutation	p|FS|P|184|R|19
18385794	A	1476	1485	c.*557G>A	DNAMutation	c|SUB|G|*557|A
18385794	A	1677	1688	c. *469 C>A	DNAMutation	c|SUB|C|*469|A
18385794	A	1694	1704	rs11915160	SNP	rs11915160
18385794	A	1813	1822	c.471 C>T	DNAMutation	c|SUB|C|471|T
18385794	A	1824	1835	p.Ser157Ser	ProteinMutation	p|SUB|S|157|S
18385794	A	1837	1847	rs35435463	SNP	rs35435463
18385794	A	1853	1862	c.579 G>A	DNAMutation	c|SUB|G|579|A
18385794	A	1864	1876	p. Gln193Gln	ProteinMutation	p|SUB|Q|193|Q
18385794	A	1931	1940	c.871 G>A	DNAMutation	c|SUB|G|871|A
18385794	A	1942	1954	p. Asp291Asn	ProteinMutation	p|SUB|D|291|N
18257781	A	559	570	c.1445T > G	DNAMutation	c|SUB|T|1445|G
18257781	A	718	725	p.F482C	ProteinMutation	p|SUB|F|482|C
18257781	A	783	795	IVS21-2delAG	DNAMutation	c|DEL|IVS21-2|AG
18257781	A	1535	1542	p.F482C	ProteinMutation	p|SUB|F|482|C
18241046	A	681	689	g.203A>C	DNAMutation	g|SUB|A|203|C
18241046	A	1129	1137	g.203A>C	DNAMutation	g|SUB|A|203|C
18241046	A	1379	1387	g.203A>C	DNAMutation	g|SUB|A|203|C
18050247	A	1029	1034	N673S	ProteinMutation	p|SUB|N|673|S
18050247	A	1104	1109	C203S	ProteinMutation	p|SUB|C|203|S
17990063	A	1045	1058	p.T3708fs3769	ProteinMutation	p|FS|T|3708||3769
17962394	T	77	84	p.R229G	ProteinMutationp|SUB|R|229|G
17962394	A	725	733	c.686C>G	DNAMutation	c|SUB|C|686|G
17962394	A	837	844	p.R229G	ProteinMutation	p|SUB|R|229|G
17962394	A	1179	1186	p.R229G	ProteinMutation	p|SUB|R|229|G
17959715	A	634	643	rs1800734	SNP	rs1800734
17910065	A	484	489	C139T	DNAMutation	c|SUB|C|139|T
17910065	A	624	629	C139T	DNAMutation	c|SUB|C|139|T
17910065	A	712	716	R47W	ProteinMutation	p|SUB|R|47|W
17910065	A	1008	1012	R47W	ProteinMutation	p|SUB|R|47|W
17876530	A	358	365	Delta32	DNAMutation	|DEL||32
17710578	A	607	613	A1166C	DNAMutation	|SUB|A|1166|C
17683901	T	69	74	G380R	ProteinMutationp|SUB|G|380|R
17683901	A	332	339	p.G380R	ProteinMutation	p|SUB|G|380|R
17683901	A	482	491	c.1138G>A	DNAMutation	c|SUB|G|1138|A
17683901	A	496	505	c.1138G>C	DNAMutation	c|SUB|G|1138|C
17683901	A	606	615	c.1138G>A	DNAMutation	c|SUB|G|1138|A
17683901	A	962	971	c.1138G>A	DNAMutation	c|SUB|G|1138|A
17683901	A	1133	1140	p.G380R	ProteinMutation	p|SUB|G|380|R
17671735	A	776	784	-3170G>A	DNAMutation	c|SUB|G|-3170|A
17671735	A	861	869	-3170G>A	DNAMutation	c|SUB|G|-3170|A
17671735	A	899	906	p.R127H	ProteinMutation	p|SUB|R|127|H
17671735	A	1053	1061	c.357C>T	DNAMutation	c|SUB|C|357|T
17671735	A	1063	1071	c.798C>T	DNAMutation	c|SUB|C|798|T
17671735	A	1076	1083	c.94C>T	DNAMutation	c|SUB|C|94|T
17671735	A	1085	1091	p.R32W	ProteinMutation	p|SUB|R|32|W
17671735	A	1210	1218	-3170G>A	DNAMutation	c|SUB|G|-3170|A
17671735	A	1244	1252	c.35delG	DNAMutation	c|DEL|35|G
17549393	T	32	36	Y67X	ProteinMutationp|SUB|Y|67|X
17549393	A	972	980	c.201C>A	DNAMutation	c|SUB|C|201|A
17549393	A	1054	1060	p.Y67X	ProteinMutation	p|SUB|Y|67|X
17327131	A	1047	1056	Asp218Asn	ProteinMutation	p|SUB|D|218|N
17327131	A	1061	1070	Gln266His	ProteinMutation	p|SUB|Q|266|H
17327131	A	1094	1105	c.14_15insC	DNAMutation	c|INS|14_15|C
17273972	A	749	754	H194Q	ProteinMutation	p|SUB|H|194|Q
17250663	A	678	685	p.D572H	ProteinMutation	p|SUB|D|572|H
17250663	A	687	695	c.G1714C	DNAMutation	c|SUB|G|1714|C
17250663	A	824	831	p.D572N	ProteinMutation	p|SUB|D|572|N
17250663	A	833	841	c.G1714A	DNAMutation	c|SUB|G|1714|A
17250663	A	1037	1044	p.D572H	ProteinMutation	p|SUB|D|572|H
17250663	A	1080	1087	p.D572N	ProteinMutation	p|SUB|D|572|N
17192049	A	401	410	Ile462Val	ProteinMutation	p|SUB|I|462|V
17192049	A	415	421	T3801C	DNAMutation	g|SUB|T|3801|C
17169596	T	59	67	c.671G>A	DNAMutationc|SUB|G|671|A
17169596	A	416	424	c.671G>A	DNAMutation	c|SUB|G|671|A
17169596	A	665	673	c.671G>A	DNAMutation	c|SUB|G|671|A
17000021	T	27	36	-1123 G>C	DNAMutationc|SUB|G|-1123|C
17000021	T	40	49	+2740 A>G	DNAMutationc|SUB|A|+2740|G
17000021	A	250	258	+1858C>T	DNAMutation	c|SUB|C|+1858|T
17000021	A	260	265	R620W	ProteinMutation	p|SUB|R|620|W
17000021	A	900	909	rs2488457	SNP	rs2488457
17000021	A	919	928	rs2476601	SNP	rs2476601
17000021	A	934	939	R620W	ProteinMutation	p|SUB|R|620|W
17000021	A	966	975	rs1217412	SNP	rs1217412
16970763	A	960	969	Leu103Val	ProteinMutation	p|SUB|L|103|V
16970763	A	994	1002	His43Arg	ProteinMutation	p|SUB|H|43|R
16843501	A	982	1017	G-->C transversion at 1245 position	DNAMutation	g|SUB|G|1245|C
16843501	A	1048	1087	Ser-->Cys substitution at the codon 326	ProteinMutation	p|SUB|S|326|C
16843501	A	1093	1102	Ser326Cys	ProteinMutation	p|SUB|S|326|C
16843501	A	1123	1157	G-->C substitution at position 135	DNAMutation	g|SUB|G|135|C
16843501	A	1206	1211	G135C	DNAMutation	g|SUB|G|135|C
16843501	A	1707	1712	G135C	DNAMutation	g|SUB|G|135|C
16843501	A	1941	1951	Ser1245Cys	ProteinMutation	p|SUB|S|1245|C
16843501	A	2142	2147	G135C	DNAMutation	g|SUB|G|135|C
16822828	A	730	736	V311fs	ProteinMutation	p|FS|V|311||
16822828	A	741	747	Y329fs	ProteinMutation	p|FS|Y|329||
16822828	A	788	794	V311fs	ProteinMutation	p|FS|V|311||
16822828	A	848	854	Y329fs	ProteinMutation	p|FS|Y|329||
16822828	A	897	920	(TAC-->AA) at codon 329	DNAMutation	|SUB|TAC|CODON329|AA
16822828	A	952	958	Y329fs	ProteinMutation	p|FS|Y|329||
16822828	A	993	999	Y329fs	ProteinMutation	p|FS|Y|329||
16822828	A	1004	1010	V311fs	ProteinMutation	p|FS|V|311||
16822828	A	1538	1544	Y329fs	ProteinMutation	p|FS|Y|329||
16822828	A	1779	1785	Y329fs	ProteinMutation	p|FS|Y|329||
16628674	A	224	230	V1188E	ProteinMutation	p|SUB|V|1188|E
16601880	A	840	848	c.28delC	DNAMutation	c|DEL|28|C
16601880	A	850	860	c.1175delC	DNAMutation	c|DEL|1175|C
16601880	A	862	872	c.2186delC	DNAMutation	c|DEL|2186|C
16601880	A	874	884	c.2422delA	DNAMutation	c|DEL|2422|A
16601880	A	909	924	c.1002_1003insT	DNAMutation	c|INS|1002_1003|T
16601880	A	949	967	c.1285_1286insCAAA	DNAMutation	c|INS|1285_1286|CAAA
16601880	A	994	1021	c.2153_2155delinsTCCTGGTTTA	DNAMutation	c|INDEL|2153_2155|TCCTGGTTTA
16601880	A	1049	1056	p.E153X	ProteinMutation	p|SUB|E|153|X
16601880	A	1058	1065	p.R236X	ProteinMutation	p|SUB|R|236|X
16601880	A	1067	1074	p.E270X	ProteinMutation	p|SUB|E|270|X
16601880	A	1076	1083	p.R337X	ProteinMutation	p|SUB|R|337|X
16601880	A	1085	1092	p.R424X	ProteinMutation	p|SUB|R|424|X
16601880	A	1126	1138	c.861+1G > T	DNAMutation	c|SUB|G|861+1|T
16601880	A	1140	1153	c.1402-1C > G	DNAMutation	c|SUB|C|1402-1|G
16601880	A	1155	1168	c.2316-1G > A	DNAMutation	c|SUB|G|2316-1|A
16601880	A	1170	1183	c.2919+1G > A	DNAMutation	c|SUB|G|2919+1|A
16601880	A	1272	1285	c.2838+5G > A	DNAMutation	c|SUB|G|2838+5|A
16601880	A	1397	1404	p.T269M	ProteinMutation	p|SUB|T|269|M
16601880	A	1406	1413	p.R461Q	ProteinMutation	p|SUB|R|461|Q
16601880	A	1415	1422	p.G771R	ProteinMutation	p|SUB|G|771|R
16601880	A	1495	1502	p.S132W	ProteinMutation	p|SUB|S|132|W
16601880	A	1504	1511	p.Y138F	ProteinMutation	p|SUB|Y|138|F
16601880	A	1513	1520	p.G171A	ProteinMutation	p|SUB|G|171|A
16601880	A	1522	1529	p.T187K	ProteinMutation	p|SUB|T|187|K
16601880	A	1531	1538	p.R212K	ProteinMutation	p|SUB|R|212|K
16601880	A	1540	1547	p.T269M	ProteinMutation	p|SUB|T|269|M
16601880	A	1549	1556	p.R373W	ProteinMutation	p|SUB|R|373|W
16601880	A	1558	1565	p.I440N	ProteinMutation	p|SUB|I|440|N
16601880	A	1567	1574	p.R461Q	ProteinMutation	p|SUB|R|461|Q
16601880	A	1576	1583	p.N533Y	ProteinMutation	p|SUB|N|533|Y
16601880	A	1585	1592	p.C644F	ProteinMutation	p|SUB|C|644|F
16601880	A	1594	1601	p.H651R	ProteinMutation	p|SUB|H|651|R
16601880	A	1603	1610	p.V705M	ProteinMutation	p|SUB|V|705|M
16601880	A	1612	1619	p.N732K	ProteinMutation	p|SUB|N|732|K
16601880	A	1621	1628	p.G771R	ProteinMutation	p|SUB|G|771|R
16601880	A	1630	1637	p.H775R	ProteinMutation	p|SUB|H|775|R
16601880	A	1639	1646	p.T830M	ProteinMutation	p|SUB|T|830|M
16601880	A	1648	1655	p.A841P	ProteinMutation	p|SUB|A|841|P
16601880	A	1657	1664	p.D880V	ProteinMutation	p|SUB|D|880|V
16601880	A	1666	1673	p.S957P	ProteinMutation	p|SUB|S|957|P
16601880	A	1678	1685	p.R966G	ProteinMutation	p|SUB|R|966|G
16601880	A	1857	1864	p.Y138F	ProteinMutation	p|SUB|Y|138|F
16601880	A	1866	1873	p.T269M	ProteinMutation	p|SUB|T|269|M
16601880	A	1878	1885	p.E153X	ProteinMutation	p|SUB|E|153|X
16601880	A	1965	1972	p.V705M	ProteinMutation	p|SUB|V|705|M
16601880	A	1977	1984	p.R212K	ProteinMutation	p|SUB|R|212|K
16418600	A	816	823	p.F366L	ProteinMutation	p|SUB|F|366|L
16418600	A	1223	1234	457_458insG	DNAMutation	|INS|457_458|G
16379540	A	850	855	D110H	ProteinMutation	p|SUB|D|110|H
16379540	A	860	865	S589N	ProteinMutation	p|SUB|S|589|N
16379540	A	932	942	del14b_17b	DNAMutation	c|DEL|14_17|
16379540	A	973	984	c.4002A > G	DNAMutation	c|SUB|A|4002|G
16321363	A	404	410	338G>A	DNAMutation	|SUB|G|338|A
16211251	T	40	49	Glu 4 Lys	ProteinMutationp|SUB|E|4|K
16211251	A	395	400	10G>A	DNAMutation	c|SUB|G|10|A
16211251	A	402	411	Glu 4 Lys	ProteinMutation	p|SUB|E|4|K
16211251	A	605	614	Glu 4 Lys	ProteinMutation	p|SUB|E|4|K
16211251	A	736	745	Glu 4 Lys	ProteinMutation	p|SUB|E|4|K
16211251	A	857	866	Glu 4 Lys	ProteinMutation	p|SUB|E|4|K
16211251	A	938	947	Glu 4 Lys	ProteinMutation	p|SUB|E|4|K
16157158	T	2	15	Cys 23-Ser 23	ProteinMutationp|SUB|C|23|S
16157158	A	422	432	Cys 23 Ser	ProteinMutation	p|SUB|C|23|S
16157158	A	494	504	Cys 23 Ser	ProteinMutation	p|SUB|C|23|S
16157158	A	600	610	Cys 23 Ser	ProteinMutation	p|SUB|C|23|S
16157158	A	801	811	Cys 23 Ser	ProteinMutation	p|SUB|C|23|S
16157158	A	986	996	Cys 23 Ser	ProteinMutation	p|SUB|C|23|S
16157158	A	1222	1232	Cys 23 Ser	ProteinMutation	p|SUB|C|23|S
16157158	A	1356	1366	Cys 23 Ser	ProteinMutation	p|SUB|C|23|S
16157158	A	1518	1528	Cys 23 Ser	ProteinMutation	p|SUB|C|23|S
16000134	A	722	737	Glu 272 to stop	ProteinMutation	p|SUB|E|272|X
15851735	A	1083	1092	c.2607C>A	DNAMutation	c|SUB|C|2607|A
15851735	A	1305	1314	c.2607C>A	DNAMutation	c|SUB|C|2607|A
15807692	A	478	486	3472delC	DNAMutation	c|DEL|3472|C
15807692	A	648	653	G-->A	DNAMutation	|SUB|G||A
15807692	A	730	744	IVS51 + 1G-->A	DNAMutation	c|SUB|G|IVS51+1|A
15710861	A	1159	1164	F219V	ProteinMutation	p|SUB|F|219|V
15710861	A	1645	1650	F219V	ProteinMutation	p|SUB|F|219|V
15642853	A	951	956	G284R	ProteinMutation	p|SUB|G|284|R
15642853	A	1413	1418	R396G	ProteinMutation	p|SUB|R|396|G
15623763	A	908	926	glycine-594-valine	ProteinMutation	p|SUB|G|594|V
15623763	A	928	937	Gly594Val	ProteinMutation	p|SUB|G|594|V
15623763	A	960	979	valine-539-aspartic	ProteinMutation	p|SUB|V|539|D
15623763	A	986	995	Val539Asp	ProteinMutation	p|SUB|V|539|D
15623763	A	1051	1067	Val624-Val625del	ProteinMutation	p|DEL|624_625|VV
15623763	A	1108	1132	arginine 124-to-cysteine	ProteinMutation	p|SUB|R|124|C
15623763	A	1134	1143	Arg124Cys	ProteinMutation	p|SUB|R|124|C
15623763	A	1179	1204	histidine 626-to-arginine	ProteinMutation	p|SUB|H|626|R
15623763	A	1206	1215	His626Arg	ProteinMutation	p|SUB|H|626|R
15623763	A	1305	1314	Gly594Val	ProteinMutation	p|SUB|G|594|V
15623763	A	1319	1335	Val624-Val625del	ProteinMutation	p|DEL|624_625|VV
15623763	A	1401	1427	arginine 555-to-tryptophan	ProteinMutation	p|SUB|R|555|W
15623763	A	1429	1438	Arg555Trp	ProteinMutation	p|SUB|R|555|W
15623763	A	1507	1516	Arg124Leu	ProteinMutation	p|SUB|R|124|L
15623763	A	1616	1644	leucine 269 to phenylalanine	ProteinMutation	p|SUB|L|269|F
15623763	A	1646	1655	Leu269Phe	ProteinMutation	p|SUB|L|269|F
15623763	A	1697	1706	Arg555Trp	ProteinMutation	p|SUB|R|555|W
15623763	A	1730	1739	Arg124Cys	ProteinMutation	p|SUB|R|124|C
15623763	A	1744	1753	Arg555Trp	ProteinMutation	p|SUB|R|555|W
15481887	T	51	60	Glu-->Ala	ProteinMutationp|SUB|E||A
15481887	T	92	101	Gly-->Ser	ProteinMutationp|SUB|G||S
15481887	A	152	171	codon 26, GAG-->GCG	DNAMutation	|SUB|GAG|CODON26|GCG
15481887	A	183	192	Glu-->Ala	ProteinMutation	p|SUB|E||A
15481887	A	213	232	codon 29, GGC-->AGC	DNAMutation	|SUB|GGC|CODON29|AGC
15481887	A	245	254	Gly-->Ser	ProteinMutation	p|SUB|G||S
15459183	A	204	213	Ile232Thr	ProteinMutation	p|SUB|I|232|T
15377356	A	1053	1064	1877-2A-->C	DNAMutation	c|SUB|A|1877-2|C
15377356	A	1094	1102	3432delT	DNAMutation	c|DEL|3432|T
15191352	A	612	617	I280S	ProteinMutation	p|SUB|I|280|S
15191352	A	619	628	1123T-->G	DNAMutation	g|SUB|T|1123|G
15191352	A	738	743	I280S	ProteinMutation	p|SUB|I|280|S
15191352	A	995	1000	I280S	ProteinMutation	p|SUB|I|280|S
15148206	A	621	629	429A-->C	DNAMutation	|SUB|A|429|C
15148206	A	632	641	Arg135Ser	ProteinMutation	p|SUB|R|135|S
15148206	A	861	870	1222ins27	DNAMutation	|INS|1222|27
15135245	T	45	55	His3543Tyr	ProteinMutationp|SUB|H|3543|Y
15135245	A	259	265	R3500Q	ProteinMutation	p|SUB|R|3500|Q
15135245	A	471	477	R3500W	ProteinMutation	p|SUB|R|3500|W
15135245	A	479	485	R3531C	ProteinMutation	p|SUB|R|3531|C
15135245	A	490	496	R3480W	ProteinMutation	p|SUB|R|3480|W
15135245	A	882	894	CAC(3543)TAC	DNAMutation	|SUB|C|CODON3543|T
15135245	A	908	918	His3543Tyr	ProteinMutation	p|SUB|H|3543|Y
15135245	A	945	951	H3543Y	ProteinMutation	p|SUB|H|3543|Y
15135245	A	990	996	H3543Y	ProteinMutation	p|SUB|H|3543|Y
15135245	A	1063	1075	Arg 3500 Gln	ProteinMutation	p|SUB|R|3500|Q
15135245	A	1077	1083	R3500Q	ProteinMutation	p|SUB|R|3500|Q
15122711	A	556	566	Glu873Stop	ProteinMutation	p|SUB|E|873|X
15122711	A	689	695	G1681A	DNAMutation	c|SUB|G|1681|A
15122711	A	730	739	Ala467Thr	ProteinMutation	p|SUB|A|467|T
15086325	A	712	722	IVS8 -2A>G	DNAMutation	c|SUB|A|IVS8-2|G
15086325	A	1100	1112	2238-9del AG	DNAMutation	c|DEL|2238_2239|AG
15086325	A	1198	1208	G6410 by T	DNAMutation	g|SUB|G|6410|T
15086325	A	1250	1260	Gly2079Val	ProteinMutation	p|SUB|G|2079|V
15086325	A	1287	1297	IVS8 -2A>G	DNAMutation	c|SUB|A|IVS8-2|G
15086325	A	1299	1311	2238-9del AG	DNAMutation	c|DEL|2238_2239|AG
15086325	A	1316	1322	G6410T	DNAMutation	g|SUB|G|6410|T
15069170	A	930	938	c.185C>T	DNAMutation	c|SUB|C|185|T
15069170	A	940	948	Thr60Met	ProteinMutation	p|SUB|T|60|M
15069170	A	951	960	c.1712C>T	DNAMutation	c|SUB|C|1712|T
15069170	A	962	971	Ala569Val	ProteinMutation	p|SUB|A|569|V
15069170	A	974	983	c.1930C>T	DNAMutation	c|SUB|C|1930|T
15069170	A	985	994	Arg642Cys	ProteinMutation	p|SUB|R|642|C
15069170	A	997	1006	c.2552T>A	DNAMutation	c|SUB|T|2552|A
15069170	A	1008	1017	Leu849His	ProteinMutation	p|SUB|L|849|H
15069170	A	1023	1033	c.1932delC	DNAMutation	c|DEL|1932|C
15069170	A	1155	1161	c.7A>T	DNAMutation	c|SUB|A|7|T
15069170	A	1163	1170	Met1Leu	ProteinMutation	p|SUB|M|1|L
15069170	A	1173	1192	c.1181_1186+20del26	DNAMutation	c|DEL|1181_1186+20|26
15069170	A	1194	1210	c.1811_1812delAT	DNAMutation	c|DEL|1811_1812|AT
15069170	A	1215	1225	IVS16+1G>A	DNAMutation	c|SUB|G|IVS16+1|A
15069170	A	1275	1294	c.1181_1186+20del26	DNAMutation	c|DEL|1181_1186+20|26
15069170	A	1408	1418	IVS16+1G>A	DNAMutation	c|SUB|G|IVS16+1|A
15064320	A	1006	1011	R227Q	ProteinMutation	p|SUB|R|227|Q
15064320	A	1203	1208	R227Q	ProteinMutation	p|SUB|R|227|Q
15064320	A	1323	1330	Tdel219	DNAMutation	|DEL|CODON219|T
14979495	T	4	13	Arg753GLn	ProteinMutationp|SUB|R|753|Q
14979495	A	356	365	Arg753Gln	ProteinMutation	p|SUB|R|753|Q
14979495	A	556	565	Arg753Gln	ProteinMutation	p|SUB|R|753|Q
14979495	A	730	739	Arg753Gln	ProteinMutation	p|SUB|R|753|Q
14742428	A	424	429	C219W	ProteinMutation	p|SUB|C|219|W
14742428	A	473	478	H156Y	ProteinMutation	p|SUB|H|156|Y
14742428	A	498	502	V69G	ProteinMutation	p|SUB|V|69|G
14742428	A	522	538	IVS 9 del[-7:-4]	DNAMutation	c|DEL|IVS9-7_-4|
14742428	A	544	556	1109 ins 8bp	DNAMutation	c|INS|1109|8
14742428	A	594	599	H391R	ProteinMutation	p|SUB|H|391|R
14742428	A	617	625	S133stop	ProteinMutation	p|SUB|S|133|X
14742428	A	761	766	C219W	ProteinMutation	p|SUB|C|219|W
14742428	A	776	781	H156Y	ProteinMutation	p|SUB|H|156|Y
14742428	A	946	950	V69G	ProteinMutation	p|SUB|V|69|G
14742428	A	1154	1159	H391R	ProteinMutation	p|SUB|H|391|R
14742428	A	1563	1568	H391R	ProteinMutation	p|SUB|H|391|R
14673473	T	153	157	V30M	ProteinMutationp|SUB|V|30|M
14673473	A	761	769	Val30Met	ProteinMutation	p|SUB|V|30|M
14673473	A	981	985	V30M	ProteinMutation	p|SUB|V|30|M
14673473	A	1228	1232	V30M	ProteinMutation	p|SUB|V|30|M
14673473	A	1597	1601	V30M	ProteinMutation	p|SUB|V|30|M
14587045	T	88	97	Arg-->Leu	ProteinMutationp|SUB|R||L
14576201	T	32	54	IVS46: del T -39...-46	DNAMutationc|DEL|IVS46(-39_-46)|T
14576201	A	594	600	G5947A	DNAMutation	g|SUB|G|5947|A
14576201	A	615	621	R1851Q	ProteinMutation	p|SUB|R|1851|Q
14576201	A	878	900	IVS46: del T -39...-46	DNAMutation	c|DEL|IVS46(-39_-46)|T
14576201	A	1367	1373	R1851Q	ProteinMutation	p|SUB|R|1851|Q
14576201	A	1415	1437	IVS46: del T -39...-46	DNAMutation	c|DEL|IVS46(-39_-46)|T
14510916	A	1315	1322	1892G>C	DNAMutation	c|SUB|G|1892|C
14510916	A	1363	1367	A68P	ProteinMutation	p|SUB|A|68|P
14510916	A	1563	1567	A68P	ProteinMutation	p|SUB|A|68|P
14510914	A	1666	1679	del-(439-443)	DNAMutation	c|DEL|-443_-439|
12898858	A	828	833	M235T	ProteinMutation	p|SUB|M|235|T
12898858	A	999	1005	A1166C	DNAMutation	|SUB|A|1166|C
12898858	A	1403	1409	A1166C	DNAMutation	|SUB|A|1166|C
12809638	T	146	151	C488R	ProteinMutationp|SUB|C|488|R
12809638	T	174	178	R84Q	ProteinMutationp|SUB|R|84|Q
12809638	A	380	396	2590_2591insCCCC	DNAMutation	|INS|2590_2591|CCCC
12809638	A	423	440	752_758delGCCGGCC	DNAMutation	|DEL|752_758|GCCGGCC
12809638	A	507	516	2566T-->C	DNAMutation	|SUB|T|2566|C
12809638	A	549	554	C488R	ProteinMutation	p|SUB|C|488|R
12809638	A	737	741	R84Q	ProteinMutation	p|SUB|R|84|Q
12752111	A	343	357	IVSI-5 (G-->C)	DNAMutation	c|SUB|G|IVSI-5|C
12752111	A	365	379	IVSI-1 (G-->A)	DNAMutation	c|SUB|G|IVSI-1|A
12752111	A	406	428	codon (CD)26 GAG-->GAA	DNAMutation	|SUB|GAG|CODON26|GAA
12752111	A	543	559	IVSI-129 (A-->C)	DNAMutation	c|SUB|A|IVSI-129|C
12750403	A	440	448	1631delC	DNAMutation	|DEL|1631|C
12729343	A	676	687	469 + 14G/C	DNAMutation	c|SUB|G|469+14|C
12729343	A	753	758	D543N	ProteinMutation	p|SUB|D|543|N
12729343	A	809	822	1729 + 55del4	DNAMutation	c|DEL|1729+55_1729+59|4
12729343	A	1002	1007	D543N	ProteinMutation	p|SUB|D|543|N
12673366	T	16	19	G/C	DNAMutation|SUB|G||C
12673366	A	568	571	G/C	DNAMutation	|SUB|G||C
12673366	A	708	711	G/C	DNAMutation	|SUB|G||C
12673366	A	944	947	G/C	DNAMutation	|SUB|G||C
12673366	A	1077	1080	G/C	DNAMutation	|SUB|G||C
12673366	A	1586	1589	G/C	DNAMutation	|SUB|G||C
12653841	A	1130	1138	1936delG	DNAMutation	|DEL|1936|G
12653841	A	1236	1244	1195delC	DNAMutation	|DEL|1195|C
12653841	A	1260	1267	878delA	DNAMutation	|DEL|878|A
12653841	A	1315	1323	1936delG	DNAMutation	|DEL|1936|G
