22016685	T	26	35	Asp506Gly	ProteinMutation
22016685	A	1109	1118	c.1517A>G	DNAMutation
22016685	A	1206	1217	p.Asp506Gly	ProteinMutation
22016685	A	1254	1263	Asp506Gly	ProteinMutation
21850008	A	727	733	A3243G	DNAMutation
21850008	A	856	863	G13513A	DNAMutation
21850008	A	909	916	T10191C	DNAMutation
21850008	A	918	924	p.S45P	ProteinMutation
21850008	A	934	941	A11470C	DNAMutation
21850008	A	943	951	p. K237N	ProteinMutation
21850008	A	961	968	T13046C	DNAMutation
21850008	A	970	977	p.M237T	ProteinMutation
21850008	A	1124	1131	A11470C	DNAMutation
21850008	A	1133	1140	T13046C	DNAMutation
22104738	A	466	474	c.920T>G	DNAMutation
22104738	A	476	487	p.Leu307Arg	ProteinMutation
22104738	A	619	627	c.920T>G	DNAMutation
21499297	A	1547	1550	C>T	DNAMutation
21499297	A	1552	1561	rs2297882	SNP
21695597	A	891	900	rs9271366	SNP
21695597	A	1025	1033	rs204890	SNP
21695597	A	1065	1074	rs2071349	SNP
21695597	A	1110	1119	rs2844580	SNP
21695597	A	1196	1205	rs9271366	SNP
21695597	A	1576	1585	rs9271366	SNP
22048266	A	804	812	rs461155	SNP
22048266	A	900	909	rs2073601	SNP
22048266	A	910	919	rs2073416	SNP
22048266	A	1215	1224	rs2073601	SNP
22028770	T	49	57	-491 A/T	DNAMutation
22028770	A	745	752	-491A/T	DNAMutation
22028770	A	754	762	rs449647	SNP
22028770	A	857	868	-491 A to T	DNAMutation
22028770	A	1553	1560	-491A/T	DNAMutation
22028770	A	1748	1755	-491A/T	DNAMutation
22028770	A	1757	1764	-219G/T	DNAMutation
22028770	A	1766	1774	rs405509	SNP
22028770	A	1781	1788	+113G/C	DNAMutation
22028770	A	1790	1798	rs440446	SNP
22028770	A	2011	2018	-491A/T	DNAMutation
21904390	A	1245	1255	c.357-3C>G	DNAMutation
21904390	A	1257	1268	p.Ser119fsX	ProteinMutation
21904390	A	1345	1353	c.643T>C	DNAMutation
21904390	A	1355	1362	p.S216P	ProteinMutation
21904390	A	1434	1441	p.S216P	ProteinMutation
21496008	A	524	537	c.304ins(GCG)	DNAMutation
21496008	A	563	575	c.429_452dup	DNAMutation
21496008	A	577	584	dup24bp	DNAMutation
21496008	A	971	978	dup24bp	DNAMutation
21496008	A	1016	1023	dup24bp	DNAMutation
21496008	A	1045	1052	dup27bp	DNAMutation
21496008	A	1054	1061	dup33bp	DNAMutation
21496008	A	1147	1156	c.1074G>T	DNAMutation
21976953	A	1018	1027	c.3703T>C	DNAMutation
21976953	A	1154	1162	p.S1235P	ProteinMutation
21976953	A	1540	1548	p.S1235P	ProteinMutation
21799811	T	22	29	677 C>T	DNAMutation
21799811	A	360	366	677C>T	DNAMutation
21799811	A	938	944	677C>T	DNAMutation
21799811	A	1639	1645	677C>T	DNAMutation
21799811	A	1708	1714	677C>T	DNAMutation
21879313	T	9	18	rs8099917	SNP
21879313	A	1047	1056	rs8099917	SNP
21879313	A	1425	1434	rs8099917	SNP
21879313	A	1905	1914	rs8099917	SNP
20854438	A	1233	1237	G86R	ProteinMutation
20854438	A	1496	1500	G86R	ProteinMutation
20854438	A	1689	1693	G86R	ProteinMutation
20887110	A	471	505	C-->T transition at nucleotide 677	DNAMutation
20887110	A	780	789	677 C-->T	DNAMutation
20887110	A	1165	1170	C677T	DNAMutation
20887110	A	1443	1452	677 C-->T	DNAMutation
20602574	A	1238	1244	T-189C	DNAMutation
20602574	A	1321	1327	G-218C	DNAMutation
20602574	A	1332	1338	T-189C	DNAMutation
21080147	A	1203	1211	c.973G>A	DNAMutation
21080147	A	1307	1312	E325K	ProteinMutation
20708777	A	791	800	rs1799998	SNP
20708777	A	802	809	C-344 T	DNAMutation
20708777	A	833	839	rs4539	SNP
20708777	A	841	847	A2718G	DNAMutation
20708777	A	868	874	rs6410	SNP
20708777	A	876	882	G22 5A	DNAMutation
20708777	A	885	891	rs6387	SNP
20708777	A	893	899	A2803G	DNAMutation
20708777	A	1232	1238	rs4539	SNP
20708777	A	1763	1769	rs4539	SNP
20806042	A	647	657	c.592C-->T	DNAMutation
20806042	A	858	865	p.R198W	ProteinMutation
20806042	A	1071	1078	p.R198W	ProteinMutation
20949073	A	575	580	E831X	ProteinMutation
20949073	A	591	598	2623G>T	DNAMutation
20534762	A	1066	1073	313delT	DNAMutation
20534762	A	1075	1086	C105Vfs114X	ProteinMutation
20534762	A	1209	1213	C88Y	ProteinMutation
20534762	A	1383	1387	C88Y	ProteinMutation
20534762	A	1519	1523	C88Y	ProteinMutation
20529581	A	1150	1160	c.899A > T	DNAMutation
20529581	A	1421	1432	Asp 300 Val	ProteinMutation
20523265	A	906	915	rs3753394	SNP
20523265	A	930	938	rs800292	SNP
20523265	A	953	962	rs1061170	SNP
20523265	A	982	991	rs1329428	SNP
20523265	A	1298	1307	rs2274700	SNP
20523265	A	1312	1321	rs1410996	SNP
20523265	A	1780	1789	rs3753394	SNP
20523265	A	1804	1812	rs800292	SNP
20523265	A	1827	1836	rs1061170	SNP
20523265	A	1856	1865	rs1329428	SNP
20523265	A	1888	1897	rs7535263	SNP
20523265	A	1899	1908	rs1410996	SNP
20523265	A	1913	1922	rs2274700	SNP
20005218	A	302	308	G-395A	DNAMutation
20005218	A	471	477	G-395A	DNAMutation
20005218	A	634	637	G/A	DNAMutation
20005218	A	658	664	G-395A	DNAMutation
20005218	A	814	820	G-395A	DNAMutation
20005218	A	1009	1015	G-395A	DNAMutation
20005218	A	1042	1048	G-395A	DNAMutation
20005218	A	1481	1487	G-395A	DNAMutation
20005218	A	1603	1609	G-395A	DNAMutation
19897031	A	775	785	rs12203592	SNP
19897031	A	896	899	C>T	DNAMutation
19897031	A	1039	1049	rs12203592	SNP
19897031	A	1196	1206	rs12203592	SNP
19766614	A	980	993	c.370-371insA	DNAMutation
19766614	A	1090	1102	p.S124fsX127	ProteinMutation
19766614	A	1339	1352	c.370-371insA	DNAMutation
19681861	A	431	440	rs1799750	SNP
19559455	A	982	989	Delta32	DNAMutation
19444361	T	7	14	2209G>A	DNAMutation
19444361	A	842	849	2209G>A	DNAMutation
19444361	A	851	860	rs1800255	SNP
19444361	A	1048	1055	2209G>A	DNAMutation
19429807	A	582	591	c.3943G>A	DNAMutation
19429807	A	593	601	p.G1315R	ProteinMutation
19429807	A	686	701	c.1544-?_2916+?	DNAMutation
19394258	A	420	431	c.444-62C>A	DNAMutation
19365571	A	1117	1125	c.892C>T	DNAMutation
19365571	A	1130	1139	c.1072T>C	DNAMutation
19365571	A	1290	1297	p.Q298X	ProteinMutation
19365571	A	1360	1367	p.Y358H	ProteinMutation
19298002	A	956	963	16C-->A	DNAMutation
19298002	A	969	994	reference SNP no. 4359426	SNP
19129715	A	886	900	1308_1316 dup9	DNAMutation
19129715	A	1073	1077	C60S	ProteinMutation
19129715	A	1078	1083	L244F	ProteinMutation
19110214	A	922	935	c.6799G --> A	DNAMutation
19110214	A	953	961	p.D2267N	ProteinMutation
19082493	A	412	415	G/C	DNAMutation
19082493	A	886	898	ins/del 6 bp	DNAMutation
19082493	A	1040	1052	ins/del 6 bp	DNAMutation
19082493	A	1119	1131	ins/del 6 bp	DNAMutation
19012332	A	415	424	Arg282Trp	ProteinMutation
18827003	A	558	597	(G --> C) substitution at position 1201	DNAMutation
18827003	A	845	850	D401H	ProteinMutation
18827003	A	935	940	D401H	ProteinMutation
18827003	A	1299	1304	D401H	ProteinMutation
18827003	A	1601	1606	D401H	ProteinMutation
18827003	A	1701	1706	D401H	ProteinMutation
18813858	A	624	631	520delG	DNAMutation
18813858	A	731	737	T1135A	DNAMutation
18806880	A	1378	1385	1493A>T	DNAMutation
18806880	A	1510	1515	E498V	ProteinMutation
18806880	A	1829	1834	E498V	ProteinMutation
18779591	A	806	820	Ile(146)-->Leu	ProteinMutation
18779591	A	963	968	I146L	ProteinMutation
18779591	A	1354	1359	I146L	ProteinMutation
18385169	T	5	12	-308G>A	DNAMutation
18385169	A	217	224	-308G>A	DNAMutation
18385169	A	1138	1145	-308G>A	DNAMutation
18385169	A	1302	1308	252A>G	DNAMutation
18272172	A	261	270	2398+1G>C	DNAMutation
18272172	A	397	406	2398+1G>C	DNAMutation
18272172	A	618	627	2398+1G>C	DNAMutation
18272172	A	1347	1356	2398+1G>C	DNAMutation
18270997	T	79	88	Val158Met	ProteinMutation
18270997	A	341	346	G472A	DNAMutation
18270997	A	360	369	Val158Met	ProteinMutation
18270997	A	679	684	G472A	DNAMutation
18270997	A	899	904	G472A	DNAMutation
18270997	A	973	978	G472A	DNAMutation
18266724	A	387	392	C314T	DNAMutation
18266724	A	429	438	Thr105Ile	ProteinMutation
18164595	A	1043	1055	1782-83delAG	DNAMutation
18164595	A	1173	1181	3097delG	DNAMutation
18164595	A	1319	1324	N970S	ProteinMutation
18046082	T	46	66	arginine 150 proline	ProteinMutation
18046082	A	1420	1440	arginine 150 proline	ProteinMutation
17951029	T	64	71	p.E300X	ProteinMutation
17951029	A	1058	1094	G>T substitution at nucleotide c.898	DNAMutation
17951029	A	1232	1239	p.E300X	ProteinMutation
17868390	T	24	34	IVS8+4 A>G	DNAMutation
17868390	A	659	669	IVS8+4 A>G	DNAMutation
17868390	A	998	1008	IVS8+4 A>G	DNAMutation
17635946	A	793	832	(T --> C) substitution at position 2209	DNAMutation
17635946	A	1082	1087	F737L	ProteinMutation
17635946	A	1697	1702	F737L	ProteinMutation
17634480	A	797	805	rs713041	SNP
17634480	A	810	818	rs757229	SNP
17634480	A	1010	1018	rs713041	SNP
17615540	A	743	748	C260T	DNAMutation
17615540	A	934	939	C260T	DNAMutation
17615540	A	1093	1097	T87M	ProteinMutation
17595233	A	2271	2276	D299G	ProteinMutation
17595233	A	2286	2291	P631H	ProteinMutation
17495183	A	824	833	rs5966709	SNP
17495183	A	835	844	rs4828037	SNP
17495183	A	855	865	rs11798018	SNP
17495183	A	876	885	rs2073163	SNP
17495183	A	890	899	rs1155794	SNP
17495183	A	1039	1048	rs2073162	SNP
17495183	A	1282	1291	rs2073162	SNP
17495183	A	1317	1326	rs2073163	SNP
17495183	A	1356	1365	rs1155974	SNP
17372760	A	1086	1096	IVS10-1G>A	DNAMutation
17372760	A	1140	1145	L638P	ProteinMutation
17221831	T	4	8	G51S	ProteinMutation
17221831	A	703	706	G/A	DNAMutation
17221831	A	866	870	G51S	ProteinMutation
17221831	A	1428	1432	G51S	ProteinMutation
17177139	T	18	23	E333D	ProteinMutation
17177139	A	497	502	E333D	ProteinMutation
17177139	A	1107	1114	1284A>C	DNAMutation
17177139	A	1198	1203	E333D	ProteinMutation
17177139	A	1295	1300	E333D	ProteinMutation
17177139	A	1509	1514	E333D	ProteinMutation
17177139	A	1931	1936	E333D	ProteinMutation
17065190	A	924	933	rs2857657	SNP
17065190	A	935	938	C/G	DNAMutation
17065190	A	949	955	rs4586	SNP
17065190	A	957	960	A/G	DNAMutation
17065190	A	995	1002	rs13900	SNP
17065190	A	1004	1007	C/T	DNAMutation
17065190	A	1067	1076	rs3917887	SNP
17065190	A	1078	1094	AGCTCCTCCTTCTC/-	DNAMutation
17003923	A	1104	1111	1691G>A	DNAMutation
17003923	A	1140	1147	4070A>G	DNAMutation
17003923	A	1185	1194	Arg353Gln	ProteinMutation
17003923	A	1208	1216	Val34Leu	ProteinMutation
17003923	A	1234	1241	-455G>A	DNAMutation
17003923	A	1255	1263	20210G>A	DNAMutation
17003923	A	1322	1328	536C>T	DNAMutation
17003923	A	1345	1351	127G>A	DNAMutation
17003923	A	1467	1474	1601G>A	DNAMutation
17003923	A	1746	1752	807C>T	DNAMutation
17003923	A	1790	1796	677C>T	DNAMutation
17003923	A	1849	1855	807C>T	DNAMutation
17002658	T	62	66	R-4Q	ProteinMutation
17002658	A	838	850	g.1755 G > A	DNAMutation
17002658	A	997	1001	R-4Q	ProteinMutation
17002658	A	1222	1238	g.10435_10809del	DNAMutation
17002658	A	1332	1336	R-4Q	ProteinMutation
17002658	A	1440	1444	R-4Q	ProteinMutation
16989765	T	8	17	His158Arg	ProteinMutation
16989765	A	981	990	His158Arg	ProteinMutation
16989765	A	1584	1593	His158Arg	ProteinMutation
16953235	A	482	489	c.32C>T	DNAMutation
16953235	A	530	536	p.I11T	ProteinMutation
16953235	A	1036	1042	p.I11T	ProteinMutation
16953235	A	1131	1137	p.I11T	ProteinMutation
16911351	A	872	882	c.646G > C	DNAMutation
16911351	A	884	893	Asp216His	ProteinMutation
16911351	A	1027	1040	904-906delGAG	DNAMutation
16840830	A	1035	1044	AAG-->GAG	DNAMutation
16840830	A	1225	1234	GAC-->TAT	DNAMutation
16838170	A	828	837	rs4810424	SNP
16838170	A	839	848	rs1884614	SNP
16838170	A	854	863	rs2144908	SNP
16838170	A	944	953	rs4810424	SNP
16838170	A	1037	1046	rs4810424	SNP
16838170	A	1390	1399	rs4810424	SNP
16838170	A	1401	1410	rs2071197	SNP
16838170	A	1416	1425	rs3818247	SNP
16781314	T	87	94	888delC	DNAMutation
16723031	A	1198	1206	1494del6	DNAMutation
16575011	T	27	35	1494del6	DNAMutation
16575011	A	581	586	G > C	DNAMutation
16575011	A	632	640	1494del6	DNAMutation
16575011	A	1214	1219	G > C	DNAMutation
16575011	A	1280	1288	1494del6	DNAMutation
16575011	A	1895	1903	1494del6	DNAMutation
16506214	A	1163	1172	+3100 T/G	DNAMutation
16506214	A	1177	1186	+8365 C/T	DNAMutation
16506214	A	1354	1363	+3100 T/G	DNAMutation
16506214	A	1368	1377	+8365 C/T	DNAMutation
16419642	T	27	32	F826Y	ProteinMutation
16419642	A	187	192	S810L	ProteinMutation
16419642	A	611	616	S810L	ProteinMutation
16419642	A	671	676	S810L	ProteinMutation
16419642	A	734	739	S810L	ProteinMutation
16419642	A	872	877	F826Y	ProteinMutation
16419642	A	1010	1015	L809L	ProteinMutation
16419642	A	1022	1027	F826Y	ProteinMutation
16419642	A	1123	1128	F826Y	ProteinMutation
16419642	A	1315	1320	F826Y	ProteinMutation
16419642	A	1628	1633	F826Y	ProteinMutation
16410744	A	1499	1516	codon 787 CAG/CAA	DNAMutation
16288197	A	1433	1440	144 G>A	DNAMutation
16288197	A	1457	1461	Q48H	ProteinMutation
16288197	A	2294	2298	Q48H	ProteinMutation
16288197	A	2611	2615	Q48H	ProteinMutation
16277682	T	17	22	M404V	ProteinMutation
16277682	A	298	343	methionine-->valine substitution at codon 404	ProteinMutation
16277682	A	345	350	M404V	ProteinMutation
16277682	A	646	651	M404V	ProteinMutation
16277682	A	991	996	M404V	ProteinMutation
16277682	A	1317	1322	M404V	ProteinMutation
16277682	A	1572	1577	M404V	ProteinMutation
16216473	A	918	953	C-->T transversion at cDNA base 463	DNAMutation
16216473	A	955	960	C463T	DNAMutation
16216473	A	1031	1036	P155S	ProteinMutation
16167150	A	670	677	-866G/A	DNAMutation
16167150	A	711	714	G/A	DNAMutation
16167150	A	732	735	C/T	DNAMutation
16167150	A	752	760	Ala55Val	ProteinMutation
16167150	A	928	935	-866G/A	DNAMutation
16167150	A	983	991	Ala55Val	ProteinMutation
16167150	A	1031	1034	G/A	DNAMutation
16167150	A	1153	1160	-866G/A	DNAMutation
16167150	A	1193	1201	Ala55Val	ProteinMutation
16167150	A	1637	1644	-866G/A	DNAMutation
16152606	T	30	37	657del5	DNAMutation
16152606	A	427	434	657del5	DNAMutation
16152606	A	588	594	643C>T	DNAMutation
16152606	A	596	601	R215W	ProteinMutation
16152606	A	892	899	657del5	DNAMutation
16152606	A	1096	1101	R215W	ProteinMutation
16152606	A	1168	1175	657del5	DNAMutation
16152606	A	1429	1436	657del5	DNAMutation
16120104	A	478	485	C-1228T	DNAMutation
16120104	A	542	547	C111G	DNAMutation
16120104	A	577	583	G3853A	DNAMutation
16120104	A	1382	1387	C111G	DNAMutation
16046395	T	83	88	A118G	DNAMutation
16046395	A	356	361	A118G	DNAMutation
16046395	A	377	381	N40D	ProteinMutation
16046395	A	553	558	A118G	DNAMutation
16005363	T	41	54	AFF344-345ins	ProteinMutation
16005363	A	649	662	AFF344-345ins	ProteinMutation
15768551	T	26	35	Val-->Ala	ProteinMutation
15768551	A	822	854	GTT-->GCT transition at codon 23	DNAMutation
15768551	A	890	899	Val-->Ala	ProteinMutation
15680411	A	439	444	R194W	ProteinMutation
15680411	A	446	451	R399Q	ProteinMutation
15680411	A	532	537	T241M	ProteinMutation
15680411	A	593	598	I134T	ProteinMutation
15649253	A	965	969	L50R	ProteinMutation
15609295	T	69	77	Asn45Ser	ProteinMutation
15609295	A	1215	1223	Asn45Ser	ProteinMutation
15599941	A	294	297	G/A	DNAMutation
15599941	A	935	938	G/A	DNAMutation
15316799	A	472	479	15T-->C	DNAMutation
15316799	A	515	536	Phe-->Ser at codon 15	ProteinMutation
15316799	A	538	557	intron 2, -352G-->A	DNAMutation
15316799	A	559	577	intron 3, +45C-->T	DNAMutation
15316799	A	579	598	intron 4, +718C-->T	DNAMutation
15205584	T	69	74	W486C	ProteinMutation
15205584	A	278	283	W486C	ProteinMutation
15205584	A	635	642	G --> C	DNAMutation
15205584	A	696	701	W486C	ProteinMutation
15205584	A	973	978	W486C	ProteinMutation
15205584	A	1045	1050	W486C	ProteinMutation
15205584	A	1233	1238	W486C	ProteinMutation
15200408	A	1495	1502	Ala7Val	ProteinMutation
15200408	A	1566	1575	Pro154Ala	ProteinMutation
15198485	T	18	27	Lys198Asn	ProteinMutation
15198485	T	32	40	-134delA	DNAMutation
15198485	A	315	324	Lys198Asn	ProteinMutation
15198485	A	440	448	-134delA	DNAMutation
15198485	A	542	551	Lys198Asn	ProteinMutation
15198485	A	1358	1367	Lys198Asn	ProteinMutation
15198485	A	1503	1512	Lys198Asn	ProteinMutation
15198485	A	1610	1619	Lys198Asn	ProteinMutation
15122708	A	1143	1168	del 92 nucleotide -19/+73	DNAMutation
15111599	A	1002	1011	279delGAG	DNAMutation
15111599	A	1311	1319	DeltaG91	ProteinMutation
15111599	A	1442	1451	IVS3+1G/A	DNAMutation
15041272	T	72	78	R1306W	ProteinMutation
15041272	A	1211	1223	Arg 1306 Trp	ProteinMutation
15041272	A	1225	1231	R1306W	ProteinMutation
15041272	A	1522	1528	R1306W	ProteinMutation
15018851	A	1328	1333	N495K	ProteinMutation
15018851	A	1422	1427	L501I	ProteinMutation
15003823	A	835	847	33 + 2 T-->C	DNAMutation
15003823	A	858	867	181 G-->C	DNAMutation
15003823	A	880	895	267-61 del 8 bp	DNAMutation
15003823	A	908	919	345-1 G-->C	DNAMutation
15003823	A	932	946	498 + 15 G-->T	DNAMutation
15003823	A	951	979	499-13 Delta-14 bp indel TGA	DNAMutation
15003823	A	993	1006	825 + 1 G-->C	DNAMutation
15003823	A	1011	1024	825 + 2 T-->C	DNAMutation
15003823	A	1036	1043	962 G-A	DNAMutation
15003823	A	1045	1055	1067 del A	DNAMutation
15003823	A	1060	1078	1067-1068 ins 5 bp	DNAMutation
14962306	A	1004	1010	V1561M	ProteinMutation
14722925	A	694	698	N34S	ProteinMutation
14722925	A	976	984	c.27delC	DNAMutation
14722925	A	1075	1083	c.27delC	DNAMutation
14722925	A	1335	1344	c.87+1G>A	DNAMutation
14722925	A	1346	1391	G>A substitution at nucleotide +1 of intron 2	DNAMutation
14708104	A	830	846	c.3385_3386delTT	DNAMutation
14708104	A	906	914	p.F1129X	ProteinMutation
12862311	A	527	537	79-1 G > T	DNAMutation
12862311	A	563	569	Q1169X	ProteinMutation
12862311	A	573	578	R497X	ProteinMutation
12862311	A	625	630	R295C	ProteinMutation
12862311	A	855	861	Q1169X	ProteinMutation
12820697	A	1010	1015	P261L	ProteinMutation
12820697	A	1020	1025	V330M	ProteinMutation
12820697	A	1063	1072	1009 delA	DNAMutation
12820697	A	1116	1121	A182T	ProteinMutation
12820697	A	1178	1183	V330M	ProteinMutation
12820697	A	1188	1196	1009delA	DNAMutation
12820697	A	1411	1416	P261L	ProteinMutation
12791036	A	725	739	c.1285-1301dup	DNAMutation
12791036	A	782	791	c.615delC	DNAMutation
12791036	A	800	805	R238X	ProteinMutation
12737948	A	657	671	IVS10+1, g-->t	DNAMutation
12737948	A	906	920	IVS10+1, g-->t	DNAMutation
12737948	A	1126	1131	-251G	DNAMutation
12737948	A	1133	1141	IVS1-23T	DNAMutation
12737948	A	1147	1155	IVS3-48C	DNAMutation
12701064	A	907	930	(TAC-->AA) at codon 329	DNAMutation
12668609	A	1096	1102	A-262T	DNAMutation
12636044	A	334	346	c2403T --> C	DNAMutation
12636044	A	351	363	c5398T --> C	DNAMutation
12636044	A	434	446	c4475C --> A	DNAMutation
12631337	A	1379	1386	delTTCA	DNAMutation
12631337	A	1420	1427	delTTCA	DNAMutation
12631337	A	1774	1781	delTTCA	DNAMutation
12631337	A	1889	1896	delTTCA	DNAMutation
22106692	A	1481	1486	E137D	ProteinMutation
22106692	A	1494	1498	R32Q	ProteinMutation
22106692	A	1506	1511	E101K	ProteinMutation
22106692	A	1522	1527	Y156H	ProteinMutation
22106692	A	1561	1568	366delT	DNAMutation
21699520	A	1066	1075	g.2885G>C	DNAMutation
21699520	A	1129	1136	p.R962T	ProteinMutation
21699520	A	1275	1284	g.2839T>G	DNAMutation
21699520	A	1329	1339	p.E947stop	ProteinMutation
21699520	A	1403	1414	IVS9 + 217T	DNAMutation
21542403	A	2094	2105	IVS19-37G/C	DNAMutation
21542403	A	2112	2118	D1017N	ProteinMutation
21903317	A	1075	1082	c.28T>C	DNAMutation
21903317	A	1084	1090	p.W10R	ProteinMutation
21666969	A	178	186	1359 G/A	DNAMutation
21684788	A	1186	1194	c.407C>T	DNAMutation
21684788	A	1196	1201	P136L	ProteinMutation
22042570	A	766	784	c.2708_2711delTTAG	DNAMutation
22042570	A	786	799	p.V903GfsX905	ProteinMutation
22042570	A	910	927	c.1618_1620delACT	DNAMutation
22042570	A	929	938	p.T540del	ProteinMutation
22042570	A	1037	1046	c.1084G>T	DNAMutation
22042570	A	1048	1055	p.E362X	ProteinMutation
21615796	A	303	311	rs763780	SNP
21615796	A	313	320	7488T/C	DNAMutation
21937424	T	22	27	R114H	ProteinMutation
21937424	A	438	443	R114H	ProteinMutation
21937424	A	610	615	R114H	ProteinMutation
21937424	A	671	678	D201ins	ProteinMutation
21937424	A	709	716	A124ins	ProteinMutation
21937424	A	759	764	R114H	ProteinMutation
21937424	A	848	853	R114H	ProteinMutation
21937424	A	854	859	R114H	ProteinMutation
21937424	A	970	977	D201ins	ProteinMutation
21937424	A	978	985	D201ins	ProteinMutation
21937424	A	997	1004	A124ins	ProteinMutation
21937424	A	1005	1012	A124ins	ProteinMutation
21937424	A	1101	1106	R114H	ProteinMutation
21937424	A	1107	1114	D201ins	ProteinMutation
21937424	A	1126	1131	R114H	ProteinMutation
21937424	A	1132	1139	A124ins	ProteinMutation
21937424	A	1213	1218	R114H	ProteinMutation
21937424	A	1219	1224	R114H	ProteinMutation
21937424	A	1350	1355	R114H	ProteinMutation
21937424	A	1356	1363	D201ins	ProteinMutation
21937424	A	1375	1380	R114H	ProteinMutation
21937424	A	1381	1388	A124ins	ProteinMutation
21937424	A	1456	1463	D201ins	ProteinMutation
21937424	A	1475	1482	A124ins	ProteinMutation
21937424	A	1573	1578	R114H	ProteinMutation
21937424	A	1695	1700	R114A	ProteinMutation
21937424	A	1705	1710	R114K	ProteinMutation
22180037	A	289	312	A > G at nucleotide 313	DNAMutation
22180037	A	359	368	Ile105Val	ProteinMutation
22180037	A	475	484	Ile105Val	ProteinMutation
22180037	A	689	698	Ile105Val	ProteinMutation
22180037	A	871	880	Ile105Val	ProteinMutation
22125978	A	825	839	c.659_660delTA	DNAMutation
22125978	A	940	954	c.659_660delTA	DNAMutation
21042587	A	687	698	p.R469[R,X]	ProteinMutation
21182502	A	1134	1145	IVS64+5g->a	DNAMutation
20583543	A	763	770	p.R246Q	ProteinMutation
20583543	A	868	887	g.80_87delT CGCGAAG	DNAMutation
20583543	A	889	900	p.A27fsX132	ProteinMutation
20583543	A	906	913	p.R246Q	ProteinMutation
20583543	A	980	987	p.G196S	ProteinMutation
20583543	A	1080	1087	p.R246Q	ProteinMutation
21219851	A	1181	1191	c.2187delA	DNAMutation
21219851	A	1220	1229	c.2992C>T	DNAMutation
21219851	A	1422	1431	rs1800255	SNP
21219851	A	1432	1435	G>A	DNAMutation
21219851	A	1437	1446	rs1801184	SNP
21219851	A	1447	1450	T>C	DNAMutation
21219851	A	1456	1465	rs2271683	SNP
21219851	A	1466	1469	A>G	DNAMutation
20579626	A	394	404	c.1052delA	DNAMutation
20579626	A	847	857	c.1052delA	DNAMutation
21126715	T	79	87	Ile262fs	ProteinMutation
21126715	A	1234	1241	783insG	DNAMutation
21126715	A	1243	1251	Ile262fs	ProteinMutation
21130517	A	710	715	L858R	ProteinMutation
21130517	A	1187	1192	L858R	ProteinMutation
21340161	A	648	666	c.1186_1187insGGCC	DNAMutation
21163864	T	4	9	M235T	ProteinMutation
21163864	A	327	332	T704C	DNAMutation
21163864	A	913	918	M235T	ProteinMutation
20606392	A	837	842	R211H	ProteinMutation
20606392	A	903	910	899dupC	DNAMutation
21406173	A	1064	1069	E441G	ProteinMutation
20577006	A	931	936	P799L	ProteinMutation
20577006	A	1019	1026	F471del	ProteinMutation
20577006	A	1087	1092	R594H	ProteinMutation
20534142	A	383	389	rs6232	SNP
20534142	A	394	400	rs6235	SNP
20534142	A	613	619	rs6232	SNP
20534142	A	624	630	rs6235	SNP
20534142	A	916	922	rs6235	SNP
20534142	A	936	942	rs6232	SNP
20534142	A	1010	1016	rs6235	SNP
20534142	A	1021	1027	rs6232	SNP
20534142	A	1232	1238	rs6235	SNP
20534142	A	1289	1295	rs6232	SNP
20534142	A	1472	1478	rs6232	SNP
20534142	A	1736	1742	rs6235	SNP
20534142	A	1968	1974	rs6232	SNP
20534142	A	2009	2014	N221D	ProteinMutation
20227423	A	884	893	Ser704Cys	ProteinMutation
20227423	A	1029	1038	Ser704Cys	ProteinMutation
20227423	A	1153	1162	Ser704Cys	ProteinMutation
20227423	A	1512	1521	Ser704Cys	ProteinMutation
20143913	A	172	179	p.R315X	ProteinMutation
20143913	A	463	476	c.899-1142del	DNAMutation
20143913	A	742	759	g.99367-102002del	DNAMutation
20086182	A	358	373	-652 6N ins/del	DNAMutation
20086182	A	403	408	D302H	ProteinMutation
20086182	A	654	665	-652 6N del	DNAMutation
20086182	A	935	946	-652 6N del	DNAMutation
20086182	A	1265	1276	-652 6N del	DNAMutation
20086182	A	1472	1483	-652 6N del	DNAMutation
20026870	T	81	87	A1166C	DNAMutation
20026870	A	853	859	A1166C	DNAMutation
19958188	A	452	462	-369 (C>G)	DNAMutation
19958188	A	464	473	-611 (-T)	DNAMutation
19958188	A	478	494	-603/604 (GA>AG)	DNAMutation
19958188	A	530	540	-588 (A>G)	DNAMutation
19958188	A	545	566	-AAGC at -222 to -225	DNAMutation
19958188	A	957	970	IVS-II-1(G>A)	DNAMutation
19958188	A	971	984	IVS-II-1(G>A)	DNAMutation
19929939	A	946	956	c.2449delT	DNAMutation
19929939	A	1116	1133	p.Cys817Valfs X15	ProteinMutation
19918264	T	6	15	Gly388Arg	ProteinMutation
19918264	A	1179	1190	Gly(388)Arg	ProteinMutation
19880293	A	985	1004	-6054, deletion/ATT	DNAMutation
19880293	A	1006	1016	-3279, A/C	DNAMutation
19880293	A	1018	1027	-924, A/G	DNAMutation
19880293	A	1029	1042	IVS9+459, A/G	DNAMutation
19880293	A	1959	1977	-6054 deletion/ATT	DNAMutation
19880293	A	1986	1994	-924 A/G	DNAMutation
19728872	A	1198	1207	c.1922G>A	DNAMutation
19728872	A	1209	1220	p.Arg641His	ProteinMutation
19728872	A	1755	1764	c.1922G>A	DNAMutation
19664890	A	1044	1056	c.387+107A>T	DNAMutation
19592582	A	498	504	P686fs	ProteinMutation
19592582	A	571	587	2172_2173insCCCC	DNAMutation
19592582	A	715	723	c.467C>A	DNAMutation
19592582	A	728	736	c.468C>T	DNAMutation
19592582	A	781	786	A118D	ProteinMutation
19592582	A	1025	1030	A118D	ProteinMutation
19521089	A	544	551	rs25531	SNP
19521089	A	552	557	A-->G	DNAMutation
19521089	A	771	778	rs25531	SNP
19521089	A	806	813	rs25531	SNP
19476483	T	21	28	Delta32	DNAMutation
19476483	A	377	384	Delta32	DNAMutation
19476483	A	462	469	Delta32	DNAMutation
19476483	A	823	830	Delta32	DNAMutation
19476483	A	947	954	Delta32	DNAMutation
19476483	A	1203	1210	Delta32	DNAMutation
19476483	A	1355	1362	Delta32	DNAMutation
19476483	A	1511	1518	Delta32	DNAMutation
19448408	A	826	835	T1270533G	DNAMutation
19448408	A	1078	1087	T1270533G	DNAMutation
19448408	A	1161	1170	T1270533G	DNAMutation
19448408	A	1445	1454	T1270533G	DNAMutation
19448408	A	1513	1522	T1270533G	DNAMutation
19404517	A	503	507	N45S	ProteinMutation
19404517	A	641	645	N45S	ProteinMutation
19370764	A	478	485	p.T286M	ProteinMutation
19370764	A	501	508	p.W111X	ProteinMutation
19370764	A	607	617	c.610-2A>G	DNAMutation
19370764	A	677	686	c.611delG	DNAMutation
19370764	A	691	705	c.640_667del28	DNAMutation
19370764	A	758	776	c.609+28_610-16del	DNAMutation
19370764	A	839	849	c.610-2A>G	DNAMutation
19370764	A	1005	1019	p.G204_K247del	ProteinMutation
19370764	A	1058	1070	p.G204VfsX28	ProteinMutation
19370764	A	1151	1169	c.609+28_610-16del	DNAMutation
19370764	A	1237	1255	c.609+28_610-16del	DNAMutation
19370764	A	1656	1668	p.G204VfsX17	ProteinMutation
19218574	T	63	72	Met326Ile	ProteinMutation
19218574	A	454	463	Met326Ile	ProteinMutation
19218574	A	607	616	Met326Ile	ProteinMutation
19218574	A	814	823	Met326Ile	ProteinMutation
19218574	A	910	919	Met326Ile	ProteinMutation
19218574	A	1439	1448	Met326Ile	ProteinMutation
19218574	A	1604	1613	Met326Ile	ProteinMutation
19218574	A	1695	1704	Met326Ile	ProteinMutation
19144556	A	673	680	1849T>A	DNAMutation
19144556	A	682	689	2122C>T	DNAMutation
19144556	A	691	698	2180C>T	DNAMutation
19144556	A	704	711	2192C>T	DNAMutation
19144556	A	820	835	1978(TATC)(1-2)	DNAMutation
19144556	A	837	853	2193(ATCT)(5-13)	DNAMutation
19144556	A	859	874	2234(TGTA)(5-7)	DNAMutation
18790087	T	65	72	Delta32	DNAMutation
18790087	A	419	426	Delta32	DNAMutation
18790087	A	491	498	Delta32	DNAMutation
18681856	T	102	109	p.M453T	ProteinMutation
18681856	A	803	814	c.1358T-->C	DNAMutation
18681856	A	899	906	p.M453T	ProteinMutation
19808398	A	802	808	A1180V	ProteinMutation
19808398	A	1508	1514	A1180V	ProteinMutation
19808398	A	1651	1657	A1180V	ProteinMutation
19808398	A	1801	1807	A1180V	ProteinMutation
18470323	T	63	68	R124C	ProteinMutation
18470323	A	654	659	R124C	ProteinMutation
18470323	A	1641	1646	C417T	DNAMutation
18470323	A	1684	1689	R124C	ProteinMutation
18470323	A	1872	1877	R124C	ProteinMutation
18457324	A	1164	1169	V244M	ProteinMutation
18457324	A	1356	1361	V244M	ProteinMutation
18457324	A	1551	1556	V244M	ProteinMutation
18457324	A	1776	1781	V244M	ProteinMutation
18457324	A	2139	2144	V244M	ProteinMutation
18439317	A	272	275	G/D	DNAMutation
18426832	A	452	455	C/T	DNAMutation
18426832	A	907	910	C/T	DNAMutation
18410548	A	962	969	Y248del	ProteinMutation
18410548	A	971	986	c.742_744delTAC	DNAMutation
18408250	A	1139	1147	rs729302	SNP
18408250	A	1331	1339	rs729302	SNP
18408250	A	1649	1657	rs729302	SNP
18385794	A	943	952	c.310 G>T	DNAMutation
18385794	A	954	964	p. Glu104X	ProteinMutation
18385794	A	1212	1221	c.549delC	DNAMutation
18385794	A	1223	1240	p. Pro184ArgfsX19	ProteinMutation
18385794	A	1476	1485	c.*557G>A	DNAMutation
18385794	A	1677	1688	c. *469 C>A	DNAMutation
18385794	A	1694	1704	rs11915160	SNP
18385794	A	1813	1822	c.471 C>T	DNAMutation
18385794	A	1824	1835	p.Ser157Ser	ProteinMutation
18385794	A	1837	1847	rs35435463	SNP
18385794	A	1853	1862	c.579 G>A	DNAMutation
18385794	A	1864	1876	p. Gln193Gln	ProteinMutation
18385794	A	1931	1940	c.871 G>A	DNAMutation
18385794	A	1942	1954	p. Asp291Asn	ProteinMutation
18257781	A	559	570	c.1445T > G	DNAMutation
18257781	A	718	725	p.F482C	ProteinMutation
18257781	A	783	795	IVS21-2delAG	DNAMutation
18257781	A	1535	1542	p.F482C	ProteinMutation
18241046	A	681	689	g.203A>C	DNAMutation
18241046	A	1129	1137	g.203A>C	DNAMutation
18241046	A	1379	1387	g.203A>C	DNAMutation
18050247	A	1029	1034	N673S	ProteinMutation
18050247	A	1104	1109	C203S	ProteinMutation
17990063	A	1045	1058	p.T3708fs3769	ProteinMutation
17962394	T	77	84	p.R229G	ProteinMutation
17962394	A	725	733	c.686C>G	DNAMutation
17962394	A	837	844	p.R229G	ProteinMutation
17962394	A	1179	1186	p.R229G	ProteinMutation
17959715	A	634	643	rs1800734	SNP
17910065	A	484	489	C139T	DNAMutation
17910065	A	624	629	C139T	DNAMutation
17910065	A	712	716	R47W	ProteinMutation
17910065	A	1008	1012	R47W	ProteinMutation
17876530	A	358	365	Delta32	DNAMutation
17710578	A	607	613	A1166C	DNAMutation
17683901	T	69	74	G380R	ProteinMutation
17683901	A	332	339	p.G380R	ProteinMutation
17683901	A	482	491	c.1138G>A	DNAMutation
17683901	A	496	505	c.1138G>C	DNAMutation
17683901	A	606	615	c.1138G>A	DNAMutation
17683901	A	962	971	c.1138G>A	DNAMutation
17683901	A	1133	1140	p.G380R	ProteinMutation
17671735	A	776	784	-3170G>A	DNAMutation
17671735	A	861	869	-3170G>A	DNAMutation
17671735	A	899	906	p.R127H	ProteinMutation
17671735	A	1053	1061	c.357C>T	DNAMutation
17671735	A	1063	1071	c.798C>T	DNAMutation
17671735	A	1076	1083	c.94C>T	DNAMutation
17671735	A	1085	1091	p.R32W	ProteinMutation
17671735	A	1210	1218	-3170G>A	DNAMutation
17671735	A	1244	1252	c.35delG	DNAMutation
17549393	T	32	36	Y67X	ProteinMutation
17549393	A	972	980	c.201C>A	DNAMutation
17549393	A	1054	1060	p.Y67X	ProteinMutation
17327131	A	1047	1056	Asp218Asn	ProteinMutation
17327131	A	1061	1070	Gln266His	ProteinMutation
17327131	A	1094	1105	c.14_15insC	DNAMutation
17273972	A	749	754	H194Q	ProteinMutation
17250663	A	678	685	p.D572H	ProteinMutation
17250663	A	687	695	c.G1714C	DNAMutation
17250663	A	824	831	p.D572N	ProteinMutation
17250663	A	833	841	c.G1714A	DNAMutation
17250663	A	1037	1044	p.D572H	ProteinMutation
17250663	A	1080	1087	p.D572N	ProteinMutation
17192049	A	401	410	Ile462Val	ProteinMutation
17192049	A	415	421	T3801C	DNAMutation
17169596	T	59	67	c.671G>A	DNAMutation
17169596	A	416	424	c.671G>A	DNAMutation
17169596	A	665	673	c.671G>A	DNAMutation
17000021	T	27	36	-1123 G>C	DNAMutation
17000021	T	40	49	+2740 A>G	DNAMutation
17000021	A	250	258	+1858C>T	DNAMutation
17000021	A	260	265	R620W	ProteinMutation
17000021	A	900	909	rs2488457	SNP
17000021	A	919	928	rs2476601	SNP
17000021	A	934	939	R620W	ProteinMutation
17000021	A	966	975	rs1217412	SNP
16970763	A	960	969	Leu103Val	ProteinMutation
16970763	A	994	1002	His43Arg	ProteinMutation
16843501	A	982	1017	G-->C transversion at 1245 position	DNAMutation
16843501	A	1048	1087	Ser-->Cys substitution at the codon 326	ProteinMutation
16843501	A	1093	1102	Ser326Cys	ProteinMutation
16843501	A	1123	1157	G-->C substitution at position 135	DNAMutation
16843501	A	1206	1211	G135C	DNAMutation
16843501	A	1707	1712	G135C	DNAMutation
16843501	A	1941	1951	Ser1245Cys	ProteinMutation
16843501	A	2142	2147	G135C	DNAMutation
16822828	A	730	736	V311fs	ProteinMutation
16822828	A	741	747	Y329fs	ProteinMutation
16822828	A	788	794	V311fs	ProteinMutation
16822828	A	848	854	Y329fs	ProteinMutation
16822828	A	897	920	(TAC-->AA) at codon 329	DNAMutation
16822828	A	952	958	Y329fs	ProteinMutation
16822828	A	993	999	Y329fs	ProteinMutation
16822828	A	1004	1010	V311fs	ProteinMutation
16822828	A	1538	1544	Y329fs	ProteinMutation
16822828	A	1779	1785	Y329fs	ProteinMutation
16628674	A	224	230	V1188E	ProteinMutation
16601880	A	840	848	c.28delC	DNAMutation
16601880	A	850	860	c.1175delC	DNAMutation
16601880	A	862	872	c.2186delC	DNAMutation
16601880	A	874	884	c.2422delA	DNAMutation
16601880	A	909	924	c.1002_1003insT	DNAMutation
16601880	A	949	967	c.1285_1286insCAAA	DNAMutation
16601880	A	994	1021	c.2153_2155delinsTCCTGGTTTA	DNAMutation
16601880	A	1049	1056	p.E153X	ProteinMutation
16601880	A	1058	1065	p.R236X	ProteinMutation
16601880	A	1067	1074	p.E270X	ProteinMutation
16601880	A	1076	1083	p.R337X	ProteinMutation
16601880	A	1085	1092	p.R424X	ProteinMutation
16601880	A	1126	1138	c.861+1G > T	DNAMutation
16601880	A	1140	1153	c.1402-1C > G	DNAMutation
16601880	A	1155	1168	c.2316-1G > A	DNAMutation
16601880	A	1170	1183	c.2919+1G > A	DNAMutation
16601880	A	1272	1285	c.2838+5G > A	DNAMutation
16601880	A	1397	1404	p.T269M	ProteinMutation
16601880	A	1406	1413	p.R461Q	ProteinMutation
16601880	A	1415	1422	p.G771R	ProteinMutation
16601880	A	1495	1502	p.S132W	ProteinMutation
16601880	A	1504	1511	p.Y138F	ProteinMutation
16601880	A	1513	1520	p.G171A	ProteinMutation
16601880	A	1522	1529	p.T187K	ProteinMutation
16601880	A	1531	1538	p.R212K	ProteinMutation
16601880	A	1540	1547	p.T269M	ProteinMutation
16601880	A	1549	1556	p.R373W	ProteinMutation
16601880	A	1558	1565	p.I440N	ProteinMutation
16601880	A	1567	1574	p.R461Q	ProteinMutation
16601880	A	1576	1583	p.N533Y	ProteinMutation
16601880	A	1585	1592	p.C644F	ProteinMutation
16601880	A	1594	1601	p.H651R	ProteinMutation
16601880	A	1603	1610	p.V705M	ProteinMutation
16601880	A	1612	1619	p.N732K	ProteinMutation
16601880	A	1621	1628	p.G771R	ProteinMutation
16601880	A	1630	1637	p.H775R	ProteinMutation
16601880	A	1639	1646	p.T830M	ProteinMutation
16601880	A	1648	1655	p.A841P	ProteinMutation
16601880	A	1657	1664	p.D880V	ProteinMutation
16601880	A	1666	1673	p.S957P	ProteinMutation
16601880	A	1678	1685	p.R966G	ProteinMutation
16601880	A	1857	1864	p.Y138F	ProteinMutation
16601880	A	1866	1873	p.T269M	ProteinMutation
16601880	A	1878	1885	p.E153X	ProteinMutation
16601880	A	1965	1972	p.V705M	ProteinMutation
16601880	A	1977	1984	p.R212K	ProteinMutation
16418600	A	816	823	p.F366L	ProteinMutation
16418600	A	1223	1234	457_458insG	DNAMutation
16379540	A	850	855	D110H	ProteinMutation
16379540	A	860	865	S589N	ProteinMutation
16379540	A	932	942	del14b_17b	DNAMutation
16379540	A	973	984	c.4002A > G	DNAMutation
16321363	A	404	410	338G>A	DNAMutation
16211251	T	40	49	Glu 4 Lys	ProteinMutation
16211251	A	395	400	10G>A	DNAMutation
16211251	A	402	411	Glu 4 Lys	ProteinMutation
16211251	A	605	614	Glu 4 Lys	ProteinMutation
16211251	A	736	745	Glu 4 Lys	ProteinMutation
16211251	A	857	866	Glu 4 Lys	ProteinMutation
16211251	A	938	947	Glu 4 Lys	ProteinMutation
16157158	T	2	15	Cys 23-Ser 23	ProteinMutation
16157158	A	422	432	Cys 23 Ser	ProteinMutation
16157158	A	494	504	Cys 23 Ser	ProteinMutation
16157158	A	600	610	Cys 23 Ser	ProteinMutation
16157158	A	801	811	Cys 23 Ser	ProteinMutation
16157158	A	986	996	Cys 23 Ser	ProteinMutation
16157158	A	1222	1232	Cys 23 Ser	ProteinMutation
16157158	A	1356	1366	Cys 23 Ser	ProteinMutation
16157158	A	1518	1528	Cys 23 Ser	ProteinMutation
16000134	A	722	737	Glu 272 to stop	ProteinMutation
15851735	A	1083	1092	c.2607C>A	DNAMutation
15851735	A	1305	1314	c.2607C>A	DNAMutation
15807692	A	478	486	3472delC	DNAMutation
15807692	A	648	653	G-->A	DNAMutation
15807692	A	730	744	IVS51 + 1G-->A	DNAMutation
15710861	A	1159	1164	F219V	ProteinMutation
15710861	A	1645	1650	F219V	ProteinMutation
15642853	A	951	956	G284R	ProteinMutation
15642853	A	1413	1418	R396G	ProteinMutation
15623763	A	908	926	glycine-594-valine	ProteinMutation
15623763	A	928	937	Gly594Val	ProteinMutation
15623763	A	960	979	valine-539-aspartic	ProteinMutation
15623763	A	986	995	Val539Asp	ProteinMutation
15623763	A	1051	1067	Val624-Val625del	ProteinMutation
15623763	A	1108	1132	arginine 124-to-cysteine	ProteinMutation
15623763	A	1134	1143	Arg124Cys	ProteinMutation
15623763	A	1179	1204	histidine 626-to-arginine	ProteinMutation
15623763	A	1206	1215	His626Arg	ProteinMutation
15623763	A	1305	1314	Gly594Val	ProteinMutation
15623763	A	1319	1335	Val624-Val625del	ProteinMutation
15623763	A	1401	1427	arginine 555-to-tryptophan	ProteinMutation
15623763	A	1429	1438	Arg555Trp	ProteinMutation
15623763	A	1507	1516	Arg124Leu	ProteinMutation
15623763	A	1616	1644	leucine 269 to phenylalanine	ProteinMutation
15623763	A	1646	1655	Leu269Phe	ProteinMutation
15623763	A	1697	1706	Arg555Trp	ProteinMutation
15623763	A	1730	1739	Arg124Cys	ProteinMutation
15623763	A	1744	1753	Arg555Trp	ProteinMutation
15481887	T	51	60	Glu-->Ala	ProteinMutation
15481887	T	92	101	Gly-->Ser	ProteinMutation
15481887	A	152	171	codon 26, GAG-->GCG	DNAMutation
15481887	A	183	192	Glu-->Ala	ProteinMutation
15481887	A	213	232	codon 29, GGC-->AGC	DNAMutation
15481887	A	245	254	Gly-->Ser	ProteinMutation
15459183	A	204	213	Ile232Thr	ProteinMutation
15377356	A	1053	1064	1877-2A-->C	DNAMutation
15377356	A	1094	1102	3432delT	DNAMutation
15191352	A	612	617	I280S	ProteinMutation
15191352	A	619	628	1123T-->G	DNAMutation
15191352	A	738	743	I280S	ProteinMutation
15191352	A	995	1000	I280S	ProteinMutation
15148206	A	621	629	429A-->C	DNAMutation
15148206	A	632	641	Arg135Ser	ProteinMutation
15148206	A	861	870	1222ins27	DNAMutation
15135245	T	45	55	His3543Tyr	ProteinMutation
15135245	A	259	265	R3500Q	ProteinMutation
15135245	A	471	477	R3500W	ProteinMutation
15135245	A	479	485	R3531C	ProteinMutation
15135245	A	490	496	R3480W	ProteinMutation
15135245	A	882	894	CAC(3543)TAC	DNAMutation
15135245	A	908	918	His3543Tyr	ProteinMutation
15135245	A	945	951	H3543Y	ProteinMutation
15135245	A	990	996	H3543Y	ProteinMutation
15135245	A	1063	1075	Arg 3500 Gln	ProteinMutation
15135245	A	1077	1083	R3500Q	ProteinMutation
15122711	A	556	566	Glu873Stop	ProteinMutation
15122711	A	689	695	G1681A	DNAMutation
15122711	A	730	739	Ala467Thr	ProteinMutation
15086325	A	712	722	IVS8 -2A>G	DNAMutation
15086325	A	1100	1112	2238-9del AG	DNAMutation
15086325	A	1198	1208	G6410 by T	DNAMutation
15086325	A	1250	1260	Gly2079Val	ProteinMutation
15086325	A	1287	1297	IVS8 -2A>G	DNAMutation
15086325	A	1299	1311	2238-9del AG	DNAMutation
15086325	A	1316	1322	G6410T	DNAMutation
15069170	A	930	938	c.185C>T	DNAMutation
15069170	A	940	948	Thr60Met	ProteinMutation
15069170	A	951	960	c.1712C>T	DNAMutation
15069170	A	962	971	Ala569Val	ProteinMutation
15069170	A	974	983	c.1930C>T	DNAMutation
15069170	A	985	994	Arg642Cys	ProteinMutation
15069170	A	997	1006	c.2552T>A	DNAMutation
15069170	A	1008	1017	Leu849His	ProteinMutation
15069170	A	1023	1033	c.1932delC	DNAMutation
15069170	A	1155	1161	c.7A>T	DNAMutation
15069170	A	1163	1170	Met1Leu	ProteinMutation
15069170	A	1173	1192	c.1181_1186+20del26	DNAMutation
15069170	A	1194	1210	c.1811_1812delAT	DNAMutation
15069170	A	1215	1225	IVS16+1G>A	DNAMutation
15069170	A	1275	1294	c.1181_1186+20del26	DNAMutation
15069170	A	1408	1418	IVS16+1G>A	DNAMutation
15064320	A	1006	1011	R227Q	ProteinMutation
15064320	A	1203	1208	R227Q	ProteinMutation
15064320	A	1323	1330	Tdel219	DNAMutation
14979495	T	4	13	Arg753GLn	ProteinMutation
14979495	A	356	365	Arg753Gln	ProteinMutation
14979495	A	556	565	Arg753Gln	ProteinMutation
14979495	A	730	739	Arg753Gln	ProteinMutation
14742428	A	424	429	C219W	ProteinMutation
14742428	A	473	478	H156Y	ProteinMutation
14742428	A	498	502	V69G	ProteinMutation
14742428	A	522	538	IVS 9 del[-7:-4]	DNAMutation
14742428	A	544	556	1109 ins 8bp	DNAMutation
14742428	A	594	599	H391R	ProteinMutation
14742428	A	617	625	S133stop	ProteinMutation
14742428	A	761	766	C219W	ProteinMutation
14742428	A	776	781	H156Y	ProteinMutation
14742428	A	946	950	V69G	ProteinMutation
14742428	A	1154	1159	H391R	ProteinMutation
14742428	A	1563	1568	H391R	ProteinMutation
14673473	T	153	157	V30M	ProteinMutation
14673473	A	761	769	Val30Met	ProteinMutation
14673473	A	981	985	V30M	ProteinMutation
14673473	A	1228	1232	V30M	ProteinMutation
14673473	A	1597	1601	V30M	ProteinMutation
14587045	T	88	97	Arg-->Leu	ProteinMutation
14576201	T	32	54	IVS46: del T -39...-46	DNAMutation
14576201	A	594	600	G5947A	DNAMutation
14576201	A	615	621	R1851Q	ProteinMutation
14576201	A	878	900	IVS46: del T -39...-46	DNAMutation
14576201	A	1367	1373	R1851Q	ProteinMutation
14576201	A	1415	1437	IVS46: del T -39...-46	DNAMutation
14510916	A	1315	1322	1892G>C	DNAMutation
14510916	A	1363	1367	A68P	ProteinMutation
14510916	A	1563	1567	A68P	ProteinMutation
14510914	A	1666	1679	del-(439-443)	DNAMutation
12898858	A	828	833	M235T	ProteinMutation
12898858	A	999	1005	A1166C	DNAMutation
12898858	A	1403	1409	A1166C	DNAMutation
12809638	T	146	151	C488R	ProteinMutation
12809638	T	174	178	R84Q	ProteinMutation
12809638	A	380	396	2590_2591insCCCC	DNAMutation
12809638	A	423	440	752_758delGCCGGCC	DNAMutation
12809638	A	507	516	2566T-->C	DNAMutation
12809638	A	549	554	C488R	ProteinMutation
12809638	A	737	741	R84Q	ProteinMutation
12752111	A	343	357	IVSI-5 (G-->C)	DNAMutation
12752111	A	365	379	IVSI-1 (G-->A)	DNAMutation
12752111	A	406	428	codon (CD)26 GAG-->GAA	DNAMutation
12752111	A	543	559	IVSI-129 (A-->C)	DNAMutation
12750403	A	440	448	1631delC	DNAMutation
12729343	A	676	687	469 + 14G/C	DNAMutation
12729343	A	753	758	D543N	ProteinMutation
12729343	A	809	822	1729 + 55del4	DNAMutation
12729343	A	1002	1007	D543N	ProteinMutation
12673366	T	16	19	G/C	DNAMutation
12673366	A	568	571	G/C	DNAMutation
12673366	A	708	711	G/C	DNAMutation
12673366	A	944	947	G/C	DNAMutation
12673366	A	1077	1080	G/C	DNAMutation
12673366	A	1586	1589	G/C	DNAMutation
12653841	A	1130	1138	1936delG	DNAMutation
12653841	A	1236	1244	1195delC	DNAMutation
12653841	A	1260	1267	878delA	DNAMutation
12653841	A	1315	1323	1936delG	DNAMutation
21738389	A	1323	1332	c.737delC	DNAMutation
21738389	A	1386	1402	p.Pro246HisfsX13	ProteinMutation
22051099	A	327	336	rs2234671	SNP
22051099	A	349	359	Ex2+860G>C	DNAMutation
22051099	A	425	430	S276T	ProteinMutation
22051099	A	751	760	rs2234671	SNP
22051099	A	972	981	rs2234671	SNP
22188495	A	1031	1038	3190C>T	DNAMutation
22188495	A	1160	1169	Arg987Ter	ProteinMutation
22188495	A	1287	1296	Arg987Ter	ProteinMutation
21559944	A	902	911	c.104delT	DNAMutation
21559944	A	957	972	p.Val35AlafsX25	ProteinMutation
21798259	A	1185	1192	rs16754	SNP
21798259	A	1472	1479	rs16754	SNP
21897748	A	1065	1073	c.130G>A	DNAMutation
21897748	A	1342	1350	c.130G>A	DNAMutation
21897748	A	1458	1464	p.V44M	ProteinMutation
21757944	A	818	833	IVSII-1 (G > A)	DNAMutation
21757944	A	874	889	IVSII-1 (G > A)	DNAMutation
21757944	A	1045	1061	CD +90 del 13 bp	DNAMutation
22129472	A	579	591	c.1706-2 A>T	DNAMutation
22129472	A	847	872	c.1706-1715del.ATCTCCTCAG	DNAMutation
22129472	A	1071	1089	p.(Asp569Valfs*93)	ProteinMutation
21682595	T	6	15	Arg399Gln	ProteinMutation
21682595	A	256	265	Arg399Gln	ProteinMutation
21682595	A	267	274	rs25487	SNP
21682595	A	359	368	Arg399Gln	ProteinMutation
21682595	A	919	928	Arg399Gln	ProteinMutation
21682595	A	1561	1570	Arg399Gln	ProteinMutation
20648600	A	1019	1024	L180M	ProteinMutation
20648600	A	1029	1034	M204V	ProteinMutation
20648600	A	1130	1135	V173L	ProteinMutation
20648600	A	1239	1244	V173L	ProteinMutation
20648600	A	1249	1254	L180M	ProteinMutation
20648600	A	1259	1264	M204V	ProteinMutation
20648600	A	1312	1317	E164D	ProteinMutation
20648600	A	1321	1326	I195M	ProteinMutation
20648600	A	1358	1364	A1762T	DNAMutation
20648600	A	1366	1372	G1764A	DNAMutation
20648600	A	1401	1407	G1896A	DNAMutation
20648600	A	1409	1415	G1899A	DNAMutation
20846357	A	374	384	p.Asp50Asn	ProteinMutation
20846357	A	1712	1720	c.263C>T	DNAMutation
20846357	A	1797	1807	p.Ala88Val	ProteinMutation
20846357	A	1903	1911	c.263C>T	DNAMutation
20846357	A	1913	1923	p.Ala88Val	ProteinMutation
21325775	T	47	57	Arg158 Pro	ProteinMutation
21108633	A	751	759	c.69delC	DNAMutation
21108633	A	832	843	c.410+5 G/A	DNAMutation
21099701	A	741	749	c.908G>A	DNAMutation
21099701	A	891	896	G303E	ProteinMutation
20738799	A	577	580	T>C	DNAMutation
20738799	A	617	622	I597T	ProteinMutation
20801104	A	600	607	-616C/G	DNAMutation
20801104	A	613	620	-521C/T	DNAMutation
20801104	A	914	923	-1240 L/S	ProteinMutation
20801104	A	1014	1022	-521 C/T	DNAMutation
20801104	A	1209	1217	-521 C/T	DNAMutation
21135151	T	14	21	delta32	DNAMutation
21070631	T	27	35	-1021C/T	DNAMutation
21070631	A	400	409	rs1611115	SNP
21070631	A	1261	1270	rs1800587	SNP
21405999	A	1077	1085	c.-17T>C	DNAMutation
21405999	A	1087	1095	c.171T>C	DNAMutation
21405999	A	1097	1105	c.465G>T	DNAMutation
21405999	A	1144	1152	c.465G>T	DNAMutation
21405999	A	1201	1212	p.Glu155Asp	ProteinMutation
20709368	T	21	29	10034C>T	DNAMutation
20709368	A	493	501	10034C>T	DNAMutation
20709368	A	503	512	rs2066865	SNP
20709368	A	1337	1345	10034C>T	DNAMutation
21493871	A	1072	1080	rs525549	SNP
21493871	A	1085	1094	rs6589664	SNP
21493871	A	1125	1134	rs5758222	SNP
21493871	A	1136	1145	rs7286979	SNP
21493871	A	1151	1158	rs20551	SNP
21493871	A	1520	1529	rs6589664	SNP
20801540	A	557	568	c.2554+1G>T	DNAMutation
20512659	A	722	741	c.2515_2519delAAGTT	DNAMutation
20454699	A	1285	1293	c.356G>A	DNAMutation
20454699	A	1330	1335	C119Y	ProteinMutation
20454699	A	1609	1616	rs13267	SNP
20454699	A	1824	1829	C119Y	ProteinMutation
20367983	A	550	565	c.1546_1547insC	DNAMutation
20367983	A	769	783	IVS3 + 18C > T	DNAMutation
20367983	A	980	994	IVS3 + 18C > T	DNAMutation
20335448	A	988	1023	(G-->A) at nucleotide position 2141	DNAMutation
20331852	A	686	695	rs4112788	SNP
20331852	A	989	998	rs4112788	SNP
20331852	A	1381	1385	R68C	ProteinMutation
20154289	A	621	638	codon 104 G --> A	DNAMutation
20080916	A	674	683	rs2070197	SNP
20080916	A	756	765	rs2004640	SNP
20080916	A	770	780	rs10954213	SNP
20080916	A	821	831	rs10954213	SNP
20080916	A	1010	1020	rs10954213	SNP
20019594	A	1029	1036	p.E180K	ProteinMutation
20019594	A	1038	1045	p.R194S	ProteinMutation
20019594	A	1051	1058	p.C152G	ProteinMutation
20019594	A	1152	1164	p.D157fsX158	ProteinMutation
20019594	A	1169	1181	p.S173fsX174	ProteinMutation
19881468	T	6	15	Ser326Cys	ProteinMutation
19881468	A	230	239	rs1052133	SNP
19881468	A	468	477	rs1052133	SNP
19881468	A	1453	1462	rs1052133	SNP
19823838	A	607	616	c.263 G>C	DNAMutation
19823838	A	690	699	c.264 C>A	DNAMutation
19781362	A	604	638	G>A substitution at nucleotide 893	DNAMutation
19781362	A	640	645	R298Q	ProteinMutation
19781362	A	715	725	rs16864880	SNP
19624485	A	286	293	rs16375	SNP
19565319	A	825	834	rs2236624	SNP
19565319	A	900	909	rs3761422	SNP
19565319	A	911	920	rs5751876	SNP
19565319	A	925	935	rs35320474	SNP
19429592	A	854	862	c.507G>T	DNAMutation
19429592	A	864	874	p.E169stop	ProteinMutation
19429592	A	877	885	c.867G>T	DNAMutation
19429592	A	887	897	p.G289stop	ProteinMutation
19429592	A	900	908	c.897G>T	DNAMutation
19429592	A	910	920	p.E299stop	ProteinMutation
19429592	A	967	982	c.1558-1559insA	DNAMutation
19429592	A	984	1000	p.S522fs 525stop	ProteinMutation
19223935	A	962	968	G-669A	DNAMutation
19223935	A	1541	1552	Leu203fsX15	ProteinMutation
19223935	A	1617	1623	Glu98X	ProteinMutation
19223935	A	1683	1692	Ser863Asn	ProteinMutation
19067809	A	722	730	A 11666C	DNAMutation
19067809	A	1023	1030	A 1166C	DNAMutation
19067809	A	1636	1643	A 1166C	DNAMutation
18945288	T	0	5	R58fs	ProteinMutation
18945288	A	1234	1243	c.342delA	DNAMutation
18945288	A	1322	1331	p.Arg58fs	ProteinMutation
18945288	A	1335	1342	p.R58fs	ProteinMutation
18945288	A	1479	1484	R58fs	ProteinMutation
18694509	A	1541	1551	rs12329760	SNP
18672102	A	623	629	46delS	DNAMutation
18672102	A	663	674	118-119insA	DNAMutation
18672102	A	679	691	125-126insAA	DNAMutation
18672102	A	728	731	A6V	ProteinMutation
18672102	A	733	738	P163S	ProteinMutation
18672102	A	740	745	E359K	ProteinMutation
18672102	A	747	752	P407Q	ProteinMutation
18672102	A	754	759	S429T	ProteinMutation
18672102	A	764	769	A442V	ProteinMutation
18672102	A	954	959	E359K	ProteinMutation
18672102	A	1088	1101	c.1146+25insA	DNAMutation
18606230	A	652	658	Y1854X	ProteinMutation
18606230	A	818	824	R1858X	ProteinMutation
18606230	A	878	884	Y1854X	ProteinMutation
18492086	A	1088	1099	c.2068-4T>A	DNAMutation
18397285	T	0	6	L1503R	ProteinMutation
18397285	A	501	538	T-->G transversion at nucleotide 4508	DNAMutation
18397285	A	573	579	L1503R	ProteinMutation
18397285	A	1194	1200	L1503R	ProteinMutation
18397285	A	1329	1335	L1503Q	ProteinMutation
18397285	A	1455	1461	L1503R	ProteinMutation
18372165	A	1247	1256	c.520delC	DNAMutation
18372165	A	1258	1267	c.681dupA	DNAMutation
18372165	A	1269	1278	c.956delC	DNAMutation
18372165	A	1319	1329	c.360+1G>C	DNAMutation
18372165	A	1331	1341	c.899+1G>T	DNAMutation
18372165	A	1343	1354	c.1570+2T>C	DNAMutation
18372165	A	1409	1418	p.Arg153X	ProteinMutation
18372165	A	1488	1498	c.360+1G>C	DNAMutation
18189233	A	720	725	R462Q	ProteinMutation
18189233	A	730	735	D541E	ProteinMutation
18189233	A	951	956	R462Q	ProteinMutation
18189233	A	961	966	D541E	ProteinMutation
18189233	A	1053	1058	K294E	ProteinMutation
18189233	A	1418	1442	A/G transition -1,071 bp	DNAMutation
18166824	A	950	954	P29S	ProteinMutation
18166824	A	1224	1229	M200V	ProteinMutation
19276632	A	1093	1108	c.97GCC[9]+[10]	DNAMutation
19276632	A	1160	1166	25*G>A	DNAMutation
19276632	A	1234	1242	c.262G>A	DNAMutation
19276632	A	1280	1288	Ala88Thr	ProteinMutation
19276632	A	1366	1375	c.1272C>T	DNAMutation
19276632	A	1377	1386	Ser424Ser	ProteinMutation
19276632	A	1392	1401	c.1284T>C	DNAMutation
19276632	A	1403	1412	Tyr428Tyr	ProteinMutation
17968299	A	491	494	G/A	DNAMutation
17968299	A	706	716	-1082(G/A)	DNAMutation
17961316	T	47	56	IVS1-1G>C	DNAMutation
17961316	A	225	236	IVS1-1G > C	DNAMutation
17961316	A	688	693	G > C	DNAMutation
17961316	A	942	953	IVS1-1G > A	DNAMutation
17961316	A	957	968	IVS1-1G > C	DNAMutation
17961316	A	1218	1229	IVS1-1G > C	DNAMutation
17935240	A	68	90	g.ORF15 + 652-653delAG	DNAMutation
17935240	A	740	762	g.ORF15 + 652-653delAG	DNAMutation
17909797	A	263	270	Delta32	DNAMutation
17909797	A	845	852	Delta32	DNAMutation
17909797	A	1134	1141	Delta32	DNAMutation
17909797	A	1553	1560	Delta32	DNAMutation
17395743	A	822	831	rs2720709	SNP
17395743	A	1265	1274	rs2720709	SNP
17395743	A	1409	1418	rs2648875	SNP
17391797	T	54	59	V175M	ProteinMutation
17391797	A	306	315	Val175Met	ProteinMutation
17391797	A	531	540	Val175Met	ProteinMutation
17391797	A	806	815	Val175Met	ProteinMutation
17391797	A	951	960	Val175Met	ProteinMutation
17391797	A	1208	1217	Val175Met	ProteinMutation
17391797	A	1278	1287	Val175Met	ProteinMutation
17391797	A	1461	1470	Val175Met	ProteinMutation
17292585	A	773	778	A149P	ProteinMutation
17292585	A	780	785	A174D	ProteinMutation
17292585	A	791	796	N334K	ProteinMutation
17166870	A	491	496	6bINS	DNAMutation
17166870	A	642	647	6bINS	DNAMutation
17166870	A	1119	1124	6bINS	DNAMutation
17166870	A	1418	1423	6bINS	DNAMutation
17166870	A	1552	1557	6bINS	DNAMutation
17079875	A	1220	1228	-2084G>C	DNAMutation
17079875	A	1233	1241	-1282G>A	DNAMutation
17059986	A	754	765	p.Ser555Leu	ProteinMutation
17059986	A	846	857	c.2633+1G>C	DNAMutation
17059986	A	1074	1085	c.2633+1G>C	DNAMutation
17059986	A	1183	1197	r.2521_2634del	DNAMutation
17033974	A	823	834	c.2406C-->A	DNAMutation
17003357	A	359	366	1858C/T	DNAMutation
17003357	A	907	914	2250G/C	DNAMutation
17003357	A	1216	1223	1858C/T	DNAMutation
16728705	A	636	645	-863C > A	DNAMutation
16728705	A	1607	1642	C > A substitution at position -863	DNAMutation
16728705	A	1765	1774	-863C > A	DNAMutation
16644711	T	13	23	Tyr1306Cys	ProteinMutation
16644711	A	1052	1062	Tyr1306Cys	ProteinMutation
16644711	A	1328	1338	Tyr1306Cys	ProteinMutation
16543197	T	2	8	G1103R	ProteinMutation
16543197	A	791	797	G1103R	ProteinMutation
16525586	A	760	770	c.210T > G	DNAMutation
16525586	A	823	829	Tyr69X	ProteinMutation
16525586	A	928	938	c.791C > T	DNAMutation
16525586	A	963	972	Ser263Phe	ProteinMutation
16525586	A	1004	1017	c.2045-1G > A	DNAMutation
16525586	A	1219	1232	c.892_895dupG	DNAMutation
16525586	A	1244	1259	Ser290/Ala291fs	ProteinMutation
16525586	A	1342	1357	c.1642_1644dupA	DNAMutation
16525586	A	1371	1379	Tyr547fs	ProteinMutation
16525586	A	1463	1472	Arg260His	ProteinMutation
16525586	A	1474	1483	Ser413Leu	ProteinMutation
16525586	A	1489	1498	Val414Phe	ProteinMutation
16256386	A	659	664	R243Q	ProteinMutation
16256386	A	666	675	EX6-96A>G	DNAMutation
16256386	A	677	682	R111X	ProteinMutation
16256386	A	684	689	Y356X	ProteinMutation
16256386	A	695	700	R413P	ProteinMutation
16256386	A	860	868	I38fsX19	ProteinMutation
16256386	A	870	879	IVS4+3G>C	DNAMutation
16256386	A	881	886	Y154H	ProteinMutation
16256386	A	888	893	R157K	ProteinMutation
16256386	A	895	900	R157I	ProteinMutation
16256386	A	902	910	T200fsX6	ProteinMutation
16256386	A	912	917	Q267H	ProteinMutation
16256386	A	919	924	Q267E	ProteinMutation
16256386	A	926	935	F302fsX39	ProteinMutation
16256386	A	937	942	G346R	ProteinMutation
16256386	A	944	949	S349A	ProteinMutation
16256386	A	951	956	L367L	ProteinMutation
16256386	A	958	963	R400K	ProteinMutation
16256386	A	965	975	IVS12+4A>G	DNAMutation
16256386	A	981	991	IVS12+6T>A	DNAMutation
16252083	A	674	708	A --> G transition at 127 position	DNAMutation
16252083	A	722	759	Asn --> Ser substitution at codon 127	ProteinMutation
16252083	A	765	774	Asn127Ser	ProteinMutation
16252083	A	795	830	G --> A transition at 1032 position	DNAMutation
16252083	A	846	877	Gly --> Asp change at codon 322	ProteinMutation
16252083	A	883	892	Gly322Asp	ProteinMutation
16252083	A	1410	1419	Gly322Asp	ProteinMutation
16252083	A	1565	1574	Gly322Asp	ProteinMutation
16186368	A	874	879	S482X	ProteinMutation
16186368	A	884	889	K386T	ProteinMutation
16181814	A	807	815	E873stop	ProteinMutation
16181814	A	816	821	A467T	ProteinMutation
16181814	A	827	835	E873stop	ProteinMutation
16181814	A	906	911	A467T	ProteinMutation
16181814	A	1039	1047	E873-TAG	ProteinMutation
16181814	A	1422	1427	A467T	ProteinMutation
16181814	A	1468	1476	E873stop	ProteinMutation
16181814	A	1575	1580	A467T	ProteinMutation
16181814	A	1689	1694	A467T	ProteinMutation
16181814	A	1756	1764	E873stop	ProteinMutation
16143638	A	964	978	IVS2-58_55insT	DNAMutation
16088915	A	764	773	Arg792Gly	ProteinMutation
16088915	A	861	870	Arg792Gly	ProteinMutation
16051693	A	517	522	V175M	ProteinMutation
16051693	A	537	542	V175M	ProteinMutation
16051693	A	698	703	V175M	ProteinMutation
16051693	A	919	924	V175M	ProteinMutation
16001362	A	858	863	C-->T	DNAMutation
15983230	A	762	768	rs5393	SNP
15880727	A	679	686	p.A150P	ProteinMutation
15880727	A	694	701	p.A175D	ProteinMutation
15880727	A	712	719	p.N335K	ProteinMutation
15880727	A	775	791	c.360_363delCAAA	DNAMutation
15880727	A	793	799	p.R60X	ProteinMutation
15880727	A	801	808	p.Y204X	ProteinMutation
15880727	A	814	823	c.865delC	DNAMutation
15880727	A	915	943	c.1044_1049delTTCTGGinsACACT	DNAMutation
15880727	A	967	981	c.345_372del28	DNAMutation
15880727	A	983	997	c.841_842delAC	DNAMutation
15880727	A	1027	1037	c.113-1G>A	DNAMutation
15880727	A	1039	1049	c.799+2T>A	DNAMutation
15880727	A	1075	1083	c.612T>G	DNAMutation
15880727	A	1085	1092	p.Y204X	ProteinMutation
15880727	A	1124	1132	c.532T>C	DNAMutation
15880727	A	1134	1141	p.C178R	ProteinMutation
15880727	A	1144	1152	c.851T>C	DNAMutation
15880727	A	1154	1161	p.L284P	ProteinMutation
15867855	A	870	879	rs2277025	SNP
15867855	A	917	929	157delMTTTVP	ProteinMutation
15867855	A	1301	1313	157delMTTTVP	ProteinMutation
15834874	A	874	879	G529A	DNAMutation
15834874	A	895	900	C934A	DNAMutation
15834874	A	916	922	A1053G	DNAMutation
15834874	A	938	946	G1915T/A	DNAMutation
15834874	A	962	970	T2005C/A	DNAMutation
15834874	A	990	996	C3026T	DNAMutation
15824163	A	892	901	rs1639679	SNP
15820770	A	335	344	GAT-->GAG	DNAMutation
15820770	A	416	451	ACG-->AAG substitution in codon 420	DNAMutation
15770495	A	686	691	G183S	ProteinMutation
15770495	A	702	707	R246W	ProteinMutation
15770495	A	718	725	del642T	DNAMutation
15770495	A	736	741	G196S	ProteinMutation
15770495	A	756	767	217_218insC	DNAMutation
15770495	A	777	781	A49T	ProteinMutation
15770495	A	860	865	Q126R	ProteinMutation
15770495	A	866	875	IVS3+1G>A	DNAMutation
15770495	A	886	891	Q126R	ProteinMutation
15770495	A	892	899	del418T	DNAMutation
15770495	A	923	928	Q126R	ProteinMutation
15770495	A	929	934	G158R	ProteinMutation
15770495	A	974	979	A207D	ProteinMutation
15770495	A	981	986	G196S	ProteinMutation
15770495	A	992	997	R266W	ProteinMutation
15770495	A	1017	1021	V89L	ProteinMutation
15770495	A	1083	1088	A207D	ProteinMutation
15770495	A	1150	1154	A49T	ProteinMutation
15770495	A	1349	1356	del642T	DNAMutation
15770495	A	1361	1366	G158R	ProteinMutation
15770495	A	1420	1429	IVS3+1G>A	DNAMutation
15770495	A	1465	1476	217_218insC	DNAMutation
15770495	A	1687	1692	G183S	ProteinMutation
15754732	A	1067	1074	222insT	DNAMutation
15754732	A	1110	1118	912delTA	DNAMutation
15754732	A	1152	1160	835del18	DNAMutation
15754732	A	1197	1202	P291A	ProteinMutation
15754732	A	1249	1253	L89R	ProteinMutation
15754732	A	1290	1295	Q536X	ProteinMutation
15754732	A	1398	1403	R171Q	ProteinMutation
15754732	A	1440	1445	D418D	ProteinMutation
15754732	A	1460	1467	GAC/GAT	DNAMutation
15749661	T	21	26	L490R	ProteinMutation
15749661	T	31	36	V561X	ProteinMutation
15749661	A	169	174	C282Y	ProteinMutation
15749661	A	876	884	1469T->G	DNAMutation
15749661	A	886	891	L490R	ProteinMutation
15749661	A	897	905	1665delC	DNAMutation
15749661	A	907	912	V561X	ProteinMutation
15749661	A	968	973	I238M	ProteinMutation
15749661	A	1011	1016	L490R	ProteinMutation
15749661	A	1050	1055	L490R	ProteinMutation
15749661	A	1060	1065	I238M	ProteinMutation
15749661	A	1309	1314	V561X	ProteinMutation
15672026	T	20	53	A>G polymorphism at position -670	DNAMutation
15668505	A	177	182	N372H	ProteinMutation
15668505	A	381	386	N372H	ProteinMutation
15668505	A	453	461	203G > A	DNAMutation
15668505	A	1017	1022	N372H	ProteinMutation
15668505	A	1322	1327	N372H	ProteinMutation
15668505	A	1538	1543	N372H	ProteinMutation
15667541	A	801	811	g.3907G >A	DNAMutation
15667541	A	836	848	Glu29 to Lys	ProteinMutation
15667541	A	850	854	E29K	ProteinMutation
15667541	A	880	884	E29K	ProteinMutation
15579915	A	1176	1186	IVS10 + 4G	DNAMutation
15485686	A	807	839	G-->A substitution at codon 1763	DNAMutation
15485686	A	1366	1372	V1764M	ProteinMutation
15485686	A	1408	1414	I1762A	ProteinMutation
15485686	A	1566	1572	V1763M	ProteinMutation
15464247	A	403	411	1188-A/C	DNAMutation
15461822	A	356	363	Delta30	DNAMutation
15461822	A	573	580	Delta30	DNAMutation
15461822	A	842	849	Delta30	DNAMutation
15461822	A	1083	1090	Delta30	DNAMutation
15461822	A	1262	1269	Delta30	DNAMutation
15461822	A	1287	1294	Delta30	DNAMutation
15461822	A	1445	1452	Delta30	DNAMutation
15461822	A	1495	1502	Delta30	DNAMutation
15461822	A	1512	1519	Delta30	DNAMutation
15304120	A	1126	1131	P364L	ProteinMutation
15304120	A	1133	1143	1091 C > T	DNAMutation
15304120	A	1177	1182	Y486D	ProteinMutation
15304120	A	1422	1426	G71R	ProteinMutation
15304120	A	1475	1479	G71R	ProteinMutation
15304120	A	1561	1566	Y486D	ProteinMutation
15304120	A	1576	1581	P229Q	ProteinMutation
15304120	A	1644	1649	P364L	ProteinMutation
15304120	A	1748	1752	G71R	ProteinMutation
15304120	A	1771	1776	Y486D	ProteinMutation
15304120	A	1841	1845	G71R	ProteinMutation
15304120	A	1913	1918	P364L	ProteinMutation
15200509	A	654	661	Tyr246X	ProteinMutation
15086338	A	1184	1197	6573 + 1G > C	DNAMutation
15086338	A	1387	1395	5504delA	DNAMutation
15086338	A	1778	1786	5504delA	DNAMutation
15086338	A	1871	1884	6573 + 1G > C	DNAMutation
15009222	A	1143	1151	del 329C	DNAMutation
15009222	A	1295	1300	C435G	DNAMutation
14751036	A	1049	1056	2068G>C	DNAMutation
14751036	A	1116	1123	2068G>C	DNAMutation
14751036	A	1326	1333	2084G>A	DNAMutation
14751036	A	1338	1345	1780C>A	DNAMutation
14751036	A	1460	1467	1242G>T	DNAMutation
14751036	A	1472	1479	1780C>A	DNAMutation
14751036	A	1594	1601	9 +1G>T	DNAMutation
14623369	T	4	9	C270T	DNAMutation
14623369	A	175	180	C270T	DNAMutation
14562027	A	822	830	-1001C/T	DNAMutation
14562027	A	832	839	-263G/A	DNAMutation
14562027	A	845	851	-13C/T	DNAMutation
14562027	A	1034	1042	-1001C/T	DNAMutation
14562027	A	1044	1051	-263G/A	DNAMutation
14562027	A	1053	1059	-13C/T	DNAMutation
14562027	A	1061	1068	+142C/G	DNAMutation
14562027	A	1074	1081	+355G/T	DNAMutation
14562027	A	1271	1279	-1001C/T	DNAMutation
14562027	A	1281	1288	-263G/A	DNAMutation
14562027	A	1290	1296	-13C/T	DNAMutation
14562027	A	1298	1305	+142C/G	DNAMutation
14562027	A	1311	1318	+355G/T	DNAMutation
14508191	A	692	698	T/C704	DNAMutation
14508191	A	734	741	A/C1166	DNAMutation
14508191	A	774	781	T/C-344	DNAMutation
14508191	A	1220	1226	T/C704	DNAMutation
14508191	A	1248	1255	A/C1166	DNAMutation
14508191	A	1281	1288	T/C-344	DNAMutation
14508191	A	1547	1553	T/C704	DNAMutation
14508191	A	1572	1579	T/C-344	DNAMutation
14508191	A	1600	1607	A/C1166	DNAMutation
12925671	A	919	932	C877T in cDNA	DNAMutation
12925671	A	969	987	620-621del in cDNA	DNAMutation
12915397	A	554	573	-866 promoter (G/A)	DNAMutation
12915397	A	600	608	Ala55Val	ProteinMutation
12915397	A	612	616	A55V	ProteinMutation
12872254	T	83	100	c.399_402del AGAG	DNAMutation
12872254	A	629	645	c.399_402delAGAG	DNAMutation
12872254	A	1372	1388	c.399_402delAGAG	DNAMutation
12872254	A	1429	1445	c.399_402delAGAG	DNAMutation
12872254	A	1446	1462	c.399_402delAGAG	DNAMutation
12872254	A	1784	1800	c.399_402delAGAG	DNAMutation
12829659	T	41	47	G-308A	DNAMutation
12829659	T	59	65	C-174G	DNAMutation
12829659	A	359	365	G-308A	DNAMutation
12829659	A	392	398	C-174G	DNAMutation
12829659	A	1232	1238	G-308A	DNAMutation
12650796	T	63	71	3020insC	DNAMutation
12650796	A	295	303	3020insC	DNAMutation
12650796	A	990	998	3020insC	DNAMutation
12650796	A	1156	1164	3020insC	DNAMutation
12650796	A	1362	1370	3020insC	DNAMutation
